titles,price,stars
A Light in the ...,Â£51.77,Three
Tipping the Velvet,Â£53.74,One
Soumission,Â£50.10,One
Sharp Objects,Â£47.82,Four
Sapiens: A Brief History ...,Â£54.23,Five
The Requiem Red,Â£22.65,One
The Dirty Little Secrets ...,Â£33.34,Four
The Coming Woman: A ...,Â£17.93,Three
The Boys in the ...,Â£22.60,Four
The Black Maria,Â£52.15,One
Starving Hearts (Triangular Trade ...,Â£13.99,Two
Shakespeare's Sonnets,Â£20.66,Four
Set Me Free,Â£17.46,Five
Scott Pilgrim's Precious Little ...,Â£52.29,Five
Rip it Up and ...,Â£35.02,Five
Our Band Could Be ...,Â£57.25,Three
Olio,Â£23.88,One
Mesaerion: The Best Science ...,Â£37.59,One
Libertarianism for Beginners,Â£51.33,Two
It's Only the Himalayas,Â£45.17,Two
In Her Wake,Â£12.84,One
How Music Works,Â£37.32,Two
Foolproof Preserving: A Guide ...,Â£30.52,Three
Chase Me (Paris Nights ...,Â£25.27,Five
Black Dust,Â£34.53,Five
Birdsong: A Story in ...,Â£54.64,Three
America's Cradle of Quarterbacks: ...,Â£22.50,Three
Aladdin and His Wonderful ...,Â£53.13,Three
Worlds Elsewhere: Journeys Around ...,Â£40.30,Five
Wall and Piece,Â£44.18,Four
The Four Agreements: A ...,Â£17.66,Five
The Five Love Languages: ...,Â£31.05,Three
The Elephant Tree,Â£23.82,Five
The Bear and the ...,Â£36.89,One
Sophie's World,Â£15.94,Five
Penny Maybe,Â£33.29,Three
Maude (1883-1993):She Grew Up ...,Â£18.02,Two
"In a Dark, Dark ...",Â£19.63,One
Behind Closed Doors,Â£52.22,Four
You can't bury them ...,Â£33.63,Two
Slow States of Collapse: ...,Â£57.31,Three
Reasons to Stay Alive,Â£26.41,Two
Private Paris (Private #10),Â£47.61,Five
#HigherSelfie: Wake Up Your ...,Â£23.11,Five
Without Borders (Wanderlove #1),Â£45.07,Two
When We Collided,Â£31.77,One
"We Love You, Charlie ...",Â£50.27,Five
Untitled Collection: Sabbath Poems ...,Â£14.27,Four
Unseen City: The Majesty ...,Â£44.18,Four
Unicorn Tracks,Â£18.78,Three
Unbound: How Eight Technologies ...,Â£25.52,One
Tsubasa: WoRLD CHRoNiCLE 2 ...,Â£16.28,One
Throwing Rocks at the ...,Â£31.12,Three
This One Summer,Â£19.49,Four
Thirst,Â£17.27,Five
The Torch Is Passed: ...,Â£19.09,One
The Secret of Dreadwillow ...,Â£56.13,One
The Pioneer Woman Cooks: ...,Â£56.41,One
The Past Never Ends,Â£56.50,Four
The Natural History of ...,Â£45.22,Three
The Nameless City (The ...,Â£38.16,Four
The Murder That Never ...,Â£54.11,Three
The Most Perfect Thing: ...,Â£42.96,Four
The Mindfulness and Acceptance ...,Â£23.89,Four
The Life-Changing Magic of ...,Â£16.77,Three
The Inefficiency Assassin: Time ...,Â£20.59,Five
The Gutsy Girl: Escapades ...,Â£37.13,One
The Electric Pencil: Drawings ...,Â£56.06,One
The Death of Humanity: ...,Â£58.11,Four
The Bulletproof Diet: Lose ...,Â£49.05,Three
The Art Forger,Â£40.76,Three
The Age of Genius: ...,Â£19.73,One
The Activist's Tao Te ...,Â£32.24,Five
Spark Joy: An Illustrated ...,Â£41.83,Four
Soul Reader,Â£39.58,Two
Security,Â£39.25,Two
"Saga, Volume 6 (Saga ...",Â£25.02,Three
"Saga, Volume 5 (Saga ...",Â£51.04,Two
Reskilling America: Learning to ...,Â£19.83,Two
"Rat Queens, Vol. 3: ...",Â£50.40,Three
"Princess Jellyfish 2-in-1 Omnibus, ...",Â£13.61,Five
Princess Between Worlds (Wide-Awake ...,Â£13.34,Five
"Pop Gun War, Volume ...",Â£18.97,One
"Political Suicide: Missteps, Peccadilloes, ...",Â£36.28,Two
Patience,Â£10.16,Three
"Outcast, Vol. 1: A ...",Â£15.44,Four
orange: The Complete Collection ...,Â£48.41,One
Online Marketing for Busy ...,Â£46.35,One
On a Midnight Clear,Â£14.07,Three
Obsidian (Lux #1),Â£14.86,Two
My Paris Kitchen: Recipes ...,Â£33.37,Two
Masks and Shadows,Â£56.40,Two
Mama Tried: Traditional Italian ...,Â£14.02,Four
"Lumberjanes, Vol. 2: Friendship ...",Â£46.91,Two
"Lumberjanes, Vol. 1: Beware ...",Â£45.61,Three
Lumberjanes Vol. 3: A ...,Â£19.92,Two
"Layered: Baking, Building, and ...",Â£40.11,One
Judo: Seven Steps to ...,Â£53.90,Two
Join,Â£35.67,Five
In the Country We ...,Â£22.00,Four
Immunity: How Elie Metchnikoff ...,Â£57.36,Five
"I Hate Fairyland, Vol. ...",Â£29.17,Two
I am a Hero ...,Â£54.63,Three
How to Be Miserable: ...,Â£46.03,One
Her Backup Boyfriend (The ...,Â£33.97,One
"Giant Days, Vol. 2 ...",Â£22.11,Two
Forever and Forever: The ...,Â£29.69,Three
First and First (Five ...,Â£15.97,Four
Fifty Shades Darker (Fifty ...,Â£21.96,One
Everydata: The Misinformation Hidden ...,Â£54.35,Two
Don't Be a Jerk: ...,Â£37.97,Two
Danganronpa Volume 1,Â£51.99,Four
Crown of Midnight (Throne ...,Â£43.29,Three
"Codename Baboushka, Volume 1: ...",Â£36.72,Four
Camp Midnight,Â£17.08,Four
Call the Nurse: True ...,Â£29.14,Five
Burning,Â£28.81,Three
Bossypants,Â£49.46,Two
"Bitch Planet, Vol. 1: ...",Â£37.92,Two
Avatar: The Last Airbender: ...,Â£28.09,Two
Algorithms to Live By: ...,Â£30.81,One
A World of Flavor: ...,Â£42.95,One
"A Piece of Sky, ...",Â£56.76,Five
A Murder in Time,Â£16.64,One
A Flight of Arrows ...,Â£55.53,Five
A Fierce and Subtle ...,Â£28.13,Four
A Court of Thorns ...,Â£52.37,One
(Un)Qualified: How God Uses ...,Â£54.00,Five
You Are What You ...,Â£21.87,Four
William Shakespeare's Star Wars: ...,Â£43.30,Four
Tuesday Nights in 1980,Â£21.04,Two
Tracing Numbers on a ...,Â£41.60,Three
Throne of Glass (Throne ...,Â£35.07,Three
Thomas Jefferson and the ...,Â£59.64,One
Thirteen Reasons Why,Â£52.72,One
The White Cat and ...,Â£58.08,Four
The Wedding Dress,Â£24.12,One
The Vacationers,Â£42.15,Four
The Third Wave: An ...,Â£12.61,Five
The Stranger,Â£17.44,Four
The Shadow Hero (The ...,Â£33.14,One
The Secret (The Secret ...,Â£27.37,Four
The Regional Office Is ...,Â£51.36,Five
The Psychopath Test: A ...,Â£36.00,Two
The Project,Â£10.65,One
The Power of Now: ...,Â£43.54,Two
The Omnivore's Dilemma: A ...,Â£38.21,Two
The Nerdy Nummies Cookbook: ...,Â£37.34,Five
The Murder of Roger ...,Â£44.10,Four
The Mistake (Off-Campus #2),Â£43.29,Three
The Matchmaker's Playbook (Wingmen ...,Â£55.85,One
The Love and Lemons ...,Â£37.60,Two
The Long Shadow of ...,Â£10.97,One
The Kite Runner,Â£41.82,Four
The House by the ...,Â£36.95,One
The Glittering Court (The ...,Â£44.28,One
The Girl on the ...,Â£55.02,Two
The Genius of Birds,Â£17.24,One
The Emerald Mystery,Â£23.15,Two
The Cookies & Cups ...,Â£41.25,One
The Bridge to Consciousness: ...,Â£32.00,Three
The Artist's Way: A ...,Â£38.49,Five
The Art of War,Â£33.34,Five
The Argonauts,Â£10.93,Two
The 10% Entrepreneur: Live ...,Â£27.55,Three
Suddenly in Love (Lake ...,Â£55.99,Two
Something More Than This,Â£16.24,Four
Soft Apocalypse,Â£26.12,Two
So You've Been Publicly ...,Â£12.23,Two
Shoe Dog: A Memoir ...,Â£23.99,Two
"Shobu Samurai, Project Aryoku ...",Â£29.06,Three
Secrets and Lace (Fatal ...,Â£20.27,One
Scarlett Epstein Hates It ...,Â£43.55,Five
Romero and Juliet: A ...,Â£36.94,One
Redeeming Love,Â£20.47,Five
Poses for Artists Volume ...,Â£41.06,One
Poems That Make Grown ...,Â£14.19,Four
"Nightingale, Sing",Â£38.28,One
Night Sky with Exit ...,Â£41.05,One
Mrs. Houdini,Â£30.25,Five
Modern Romance,Â£28.26,Five
Miss Peregrineâs Home for ...,Â£10.76,One
Louisa: The Extraordinary Life ...,Â£16.85,Two
Little Red,Â£13.47,Three
Library of Souls (Miss ...,Â£48.56,Five
Large Print Heart of ...,Â£19.15,Two
I Had a Nice ...,Â£57.36,Four
Hollow City (Miss Peregrineâs ...,Â£42.98,One
Grumbles,Â£22.16,Two
Full Moon over Noahâs ...,Â£49.43,Four
Frostbite (Vampire Academy #2),Â£29.99,Five
Follow You Home,Â£21.36,One
First Steps for New ...,Â£29.00,One
Finders Keepers (Bill Hodges ...,Â£53.53,Five
"Fables, Vol. 1: Legends ...",Â£41.62,Four
Eureka Trivia 6.0,Â£54.59,Four
Drive: The Surprising Truth ...,Â£34.95,Four
Done Rubbed Out (Reightman ...,Â£37.72,Five
Doing It Over (Most ...,Â£35.61,Three
Deliciously Ella Every Day: ...,Â£42.16,Three
