book_name,authors,prices
2001: a space odyssey,arthur c. clarke,787
a banquet of consequences: a lynley novel,elizabeth george,397
a beautifully foolish endeavor: a novel (the carls),hank green,1611
a better man,louise penny,846
a brush with death: a bob skinner mystery (book 29),quintin jardine,437
a canticle for leibowitz,walter m. miller,1057
a child in burracombe: the burracombe village (book 12),lilian harry,219
a christmas message: christmas novella (book 14),anne perry,437
a christmas return (christmas novella 15),anne perry,387
a damned serious business,gerald seymour,787
a dark-adapted eye,barbara vine,437
a death at fountains abbey,antonia hodgson,787
a discovery of witches,deborah harkness,787
a discovery of witches,deborah harkness,787
a dog's life,michael holroyd,269
a dog's way home,w. bruce cameron,805
a dying fall: a dr ruth galloway mysteries,elly griffiths,877
a family recipe,veronica henry,697
a family recipe,veronica henry,697
a family scandal,kitty neale,487
a game for all the family,sophie hannah,437
a game of ghosts: a charlie parker thriller (book 15),john connolly,805
a game of ghosts: charlie parker (book 15),john connolly,697
a game of thrones leather-cloth boxed set (song of ice and fire series),george r.r. martin,7645
a girl of her time,margaret kaine,219
a girl of her time,margaret kaine,219
a handful of ashes: a dr harry kent thriller,rob mccarthy,437
a hero born: legends of the condor heroes volume 1,jin yong,437
a hero in france,alan furst,985
a hero in france,alan furst,985
a history of running away,paula mcgrath,294
a hundred small lessons,ashley hay,269
"a julyugust, september: calendar girl (volume 3)",audrey carlan,715
"a julyugust, september: calendar girl (volume 3)",audrey carlan,715
a killing moon: damen brook (book 5),steven dunne,537
a killing winter: an inspector akyl borubaev thriller (book 1),tom callaghan,437
a killing winter: an inspector akyl borubaev thriller (book 1),tom callaghan,437
a little hatred: the age of madness (book 1),joe abercrombie,985
a long night in paris,dov alfon,877
a lovely way to burn: plague times trilogy (book 1),louise welsh,448
a lovely way to burn: plague times trilogy (book 1),louise welsh,448
a maiden's grave,jeffery deaver,437
a map of the dark: searchers series (book 1),karen ellis,219
a map of the dark: searchers series (book 1),karen ellis,219
a measure of darkness,jonathan kellerman,437
a measure of darkness,jonathan kellerman,387
a people without a past: between three plagues volume 2,jaan kross,537
a perfect husband,hilary boyd,437
a perfectly good man,patrick gale,487
a place called winter,patrick gale,537
a question of trust,penny vincenzi,877
a quiet flame: a bernie gunther thriller,philip kerr,877
a room full of bones: a dr ruth galloway mysteries,elly griffiths,877
a royal pain: a royal spyness mystery,rhys bowen,537
a sea of gold: thomas kydd 21,julian stockwin,294
a seaside affair,fern britton,877
a second chance: the chronicles of st mary's (book 3),jodi taylor,787
a second chance: the chronicles of st mary's (book 3),jodi taylor,787
a second chance:chronicles of st mary series (book 3),jodi taylor,877
a shout in the ruins,kevin powers,537
a spring betrayal,tom callaghan,437
a spy's life,henry porter,437
a summer of murder: the black forest investigations (book 2),oliver bottini,537
a summer revenge: an inspector akyl borubaev thriller (book 3),tom callaghan,437
a tapping at my door: the ds nathan cody (book 1),david jackson,437
a tapping at my door: the ds nathan cody (book 1),david jackson,437
a thousand obolos coins (first edition),farzana aqib,900
a time of courage: of blood & bone (book 3),john gwynne,1611
a time of torment: a charlie parker thriller (book 14),john connolly,487
a time of torment: a charlie parker thriller (book 14),john connolly,487
a time of torment: the charlie parker series (book 14),john connolly,373
a time to die: the victor (book 6),tom wood,787
a time to remember,anna jacobs,219
a trail through time: the chronicles of st mary's (book 4),jodi taylor,787
a trail through time: the chronicles of st mary's (book 4),jodi taylor,787
a trick of the light: inspector mclevy series (book 3),david ashton,437
a trick of the light: inspector mclevy series (book 3),david ashton,437
a want of kindness: a queen anne novel,joanne limburg,219
a want of kindness: a queen anne novel,joanne limburg,219
a wedding at christmas,chrissie manby,219
a whole lotta love: florence love (book 3),louise lee,437
a winter beneath the stars,jo thomas,787
a woman is no man: a novel,etaf rum,985
a year and a day,isabelle broom,194
a year of marvellous ways,sarah winman,877
a year of marvellous ways,sarah winman,387
a you and melways,jill mansell,761
above,isla morley,269
accidental heroes,danielle steel,715
according to yes,dawn french,761
according to yes,dawn french,761
across a summer sea,lyn andrews,269
acts of omission,terry stiastny,219
acts of omission,terry stiastny,219
adult onset,ann-marie macdonald,437
after anna,alex lake,697
after she's gone,lisa jackson,437
after the end,clare mackintosh,1435
aftermath: star wars-journey to the force awakens (the aftermath trilogy book 1),chuck wendig,1031
aftermath: star wars-journey to the force awakens (the aftermath trilogy book 1),chuck wendig,1031
aftershock: pendulum trilogy (book 3),adam hamdy,437
alan stoob: nazi hunter,saul wordsworth,269
alex: camille verh¿ven (book 2),pierre lemaitre,437
all chained up: devil's rock series (book 1),sophie jordan,311
all i ever wanted,lucy dillon,423
all i ever wanted,lucy dillon,423
all rivers run,natasha carthew,419
all she ever wished for,claudia carroll,547
all summer with you,beth good,437
all that i leave behind,alison walsh,877
all the beautiful lies,peter swanson,1165
all the hidden truths,claire askew,537
all wound up: play-by-play (book 10),jaci burton,437
alley urchin: emma grady sagas series (book 2),josephine cox,219
almost love,louise o''neill,537
almost missed you,jessica strawer,437
alone on the wall: alex honnold and the ultimate limits of adventure,alex honnold,1507
alone on the wall: alex honnold and the ultimate limits of adventure,alex honnold,1507
altered carbon: takeshi kovacs series (book 1),richard morgan,985
altered carbon: takeshi kovacs series (book 1),richard morgan,985
always on my mind: lucky harbor (book 8),jill shalvis,437
always the bridesmaid,lindsey kelk,697
america city,chris beckett,437
america city,chris beckett,437
american dirt,jeanine cummins,1661
american gods,neil gaiman,787
american gods,neil gaiman,787
american spy: a novel,lauren wilkinson,888
amy snow,tracy rees,877
an act of silence,colette mcbeth,537
an almost perfect holiday,lucy diamond,846
an argumentation of historians: the chronicles of st mary's (book 9),jodi taylor,787
an impossible marriage,pamela hansford johnson,219
an ocean of minutes,thea lim,437
an ounce of hope: a pound of flesh novel (book 2),sophie jackson,269
anansi boys,neil gaiman,715
and so it begins: sergeant stephanie king (book 1),rachel abbott,877
and the rest is history: the chronicles of st mary's (book 8),jodi taylor,787
and then it happened,linda green,877
angel of storms: millennium rule series (book 2),trudi canavan,1075
angels & demons: robert langdon series (book 1),dan brown,761
angels & demons: robert langdon series (book 1),dan brown,761
"anne boleyn, a king's obsession: six tudor queens series (book 2)",alison weir,448
annihilation: mass effect andromeda series (book 3),catherynne m. valente,805
apocalypse now how: apocalypse now how series (book 1),charlie human,1147
appleby farm,cathy bramley,851
apprentice in death:death series (book 43),j. d. robb,941
"april, may, june: calendar girl (volume 2)",audrey carlan,715
"april, may, june: calendar girl (volume 2)",audrey carlan,715
archangel's heart: guild hunter series (book 9),nalini singh,967
artemis,andy weir,895
artful lies,jodi ellen malpas,1075
ask the fellows who cut the hay,george ewart evans,269
asking for it,louise o''neill,244
astra: the gaia chronicles book 1,naomi foyle,487
astroturf,matthew sperling,219
astroturf,matthew sperling,219
at the ruin of the world,john henry clay,437
at the water's edge,sara gruen,761
at the water's edge,sara gruen,761
atom bomb angel,peter james,437
auntie and the poldi sicilian lions,mario giordano,437
aurore: wars within series (book 2),graham hurley,805
aurore: wars within series (book 2),graham hurley,805
autumn thorns: whisper hollow series (book 1),yasmine galenorn,219
avengers: infinity prose novel: 3 (marvel original prose novels),james a. moore,985
baby boom!: all women all winging it,helen wallen,487
baby teeth: a novel,zoje stage,846
bad blood:tales of the notorious hudson family series (book 5),julie shaw,437
bad chili: a hap and leonard book 4,joe r. lansdale,219
bad soldier: danny black series (book 4),chris ryan,937
bad soldier: danny black series (book 4),chris ryan,337
badlands: cassie dewell (book 2),c.j. box,761
badlands: cassie dewell (book 2),c.j. box,761
bag of bones,stephen king,967
ball lightning,cixin liu,1525
baptism of fire: witcher series (book 3),andrzej sapkowski,1031
battle for rome: twilight of empire (book 3),ian ross,761
battle for rome: twilight of empire (book 3),ian ross,761
bay of sighs:guardians trilogy (book 2),nora roberts,805
beauchamp hall,danielle steel,761
beautiful tempest,johanna lindsey,895
beautiful tempest,johanna lindsey,895
before everything,victoria redel,437
before i say i do,vicki bradley,973
before the fall,noah hawley,895
before the fall,noah hawley,895
before the storm: world of warcraft,christie golden,851
before this is over,amanda hickie,437
before we were yours,lisa wingate,985
believe me,jp delaney,715
believe me,jp delaney,877
belle of the back streets,glenda young,244
belle of the back streets,glenda young,244
berlin red: inspector pekkala (book 7),sam eastland,487
betrayal,martina cole,537
between the lies,michelle adams,537
beyond the ice limit,douglas preston,805
beyond the ice limit,douglas preston,805
beyond the wild river,sarah maine,877
big sky:a jackson brodie novel,kate atkinson,985
bill: the galactic hero,harry harrison,219
binary: evolution (book 2),stephanie saulter,967
black lands,belinda bauer,715
black ops: danny black thriller book 7,chris ryan,851
black river,tom harper,437
black sunday,thomas harris,537
black water,louise doughty,715
blackwater: di nick lowry (book 1),james henry,437
blind sight: a mallory novel,carol o''connell,219
blind sight: a mallory novel,carol o''connell,219
blind water pass,anna metcalfe,537
blood & steel: throne of the caesars (book 2),harry sidebottom,761
blood and ink: elementary,adam christopher,487
blood communion: a tale of prince lestat (the vampire chronicles book 13),anne rice,941
blood cruise,mats strandberg,487
blood cruise,mats strandberg,487
blood daughter,dreda say mitchell,219
blood men,paul cleave,219
blood men,paul cleave,219
blood on snow,jo nesbo,581
blood orange,harriet tyce,941
blood reckoning: an inspector jack brady novel (book 4),danielle ramsay,437
blood sister: flesh and blood trilogy book (book 1),dreda say mitchell,397
blood sister: flesh and blood trilogy book (book 1),dreda say mitchell,397
blood sisters,jane corry,805
blood ties: tales of the notorious hudson family (book 4),julie shaw,437
blood truth: black dagger legacy (book 4),j.r. ward,985
blood truth: black dagger legacy (book 4),j.r. ward,985
blood wedding,pierre lemaitre,697
blood wedding,pierre lemaitre,787
blood's game: holcroft blood series (book 1),angus donald,715
bloodline: dci mark lapslie series (book 6),nigel mccrery,537
bloodmoon: sister fidelma (book 29),peter tremayne,523
bloody river blues: location scout series (book 2),jeffery deaver,437
blowback: enzo files series (book 5),peter may,437
blue labyrinth: agent pendergast series (book 14),douglas preston,761
bollywood fiance for a day,ruchi vasudeva,221
bollywood fiance for a day,ruchi vasudeva,221
bollywood fiance for a day,ruchi vasudeva,221
bone china,laura purcell,846
borders,roy jacobsen,437
born to serve,josephine cox,244
box of bones: a captain darac mystery (book 3),peter morfoot,437
boy in the well: a di westphall novel (book 2),douglas lindsay,537
breakdown: an alex delaware thriller (book 31),jonathan kellerman,387
breaking the limits: reckless (book 2),cc gibbs,437
breaking the limits: reckless (book 2),cc gibbs,437
bridget jones's baby (the diaries),helen fielding,249
britannia: eagles of the empire (book 14),simon scarrow,697
britannia: eagles of the empire (book 14),simon scarrow,787
britannia: eagles of the empire (book 14),simon scarrow,697
britannia: eagles of the empire (book 14),simon scarrow,787
bross: the breed (book 2),chase novak,269
brotherhood in death: death series (book 42),j. d. robb,715
brown-eyed girl,lisa kleypas,805
burning angels: the will jaeger novel book 02,bear grylls,877
by blood divided,james heneage,219
camille: the paris files (book 3),pierre lemaitre,194
camino island,john grisham,697
camino island,john grisham,787
camino winds,john grisham,1951
camino winds: the perfect thriller for father¿s day,john grisham,1483
canary,duane swierczynski,219
canary,duane swierczynski,219
career game,louise mensch,437
careless love: inspector banks (book 25),peter robinson,697
cari mora: a novel,thomas harris,1255
cartes postales from greece,victoria hislop,1237
cartes postales from greece,victoria hislop,387
cartes postales from greece,victoria hislop,387
cast iron,peter may,787
cast iron: the enzo files (book 6),peter may,537
cell,stephen king,967
cell 8: ewert grens book 3 (dci ewert grens),anders roslund,387
chain of custody,anita nair,625
chaser: the dive bar series (book 3),kylie scott,1075
children of the lens (golden age masterworks),e.e. doc smith,787
china dream,ma jian,895
chinese whispers: a china thriller (book 6),peter may,387
chosen ones,veronica roth,1705
christmas at mistletoe cottage: hope meadows series (book 2),lucy daniels,219
christmas in eternity springs: eternity springs (book 12),emily march,437
christmas under the stars,karen swan,437
christmas under the stars,karen swan,437
christmas with you,sheila o''flanagan,537
church of marvels,leslie parry,437
city girl,patricia scanlan,387
city of masks: oswald de lacy (book 3),s d sykes,437
clash of empires: book 1,ben kane,895
claudia,anthony trevelyan,219
clockwork city: the delphic division (book 2),paul crilley,437
close your eyes: joseph o'loughlin series (book 8),michael robotham,448
clouds of witness: a lord peter wimsey mystery,dorothy l. sayers,437
cobra: benny griessel series (book 4),deon meyer,387
coffin road,peter may,787
cold as the grave: an inspector mclean novel (book 9),james oswald,787
cold case: bob skinner series (book 30),quintin jardine,787
cold cold heart,tami hoag,761
cold cold heart,tami hoag,761
cold desert sky: charlie yates (book 3),rod reynolds,219
collecting cooper: theodore tate series (book 2),paul cleave,219
collecting cooper: theodore tate series (book 2),paul cleave,219
come and find me: a di marnie rome novel (book 5),sarah hilary,437
come back to me,daniela sacerdoti,437
come sundown,nora roberts,895
conflicts of interest,terry stiastny,219
conspiracy of blood and smoke,anne blankman,487
corpus: tom wilde (book 1),rory clements,437
corridors of the night: an inspector william monk novel (book 21),anne perry,487
count to ten: the chicago novel (book 5),karen rose,437
country,danielle steel,671
country,danielle steel,671
country,michael hughes,369
country,michael hughes,437
court of wolves,robyn young,537
crackdown,bernard cornwell,448
cradle of thorns,josephine cox,219
crashing heaven: the station series (book 1),al robertson,967
crime scene,jonathan kellerman,537
crime scene: clay edison (book 1),jonathan kellerman,437
crooked,austin grossman,269
crowfall: the raven's mark (book 3),ed mcdonald,1075
crucible: independence day,greg keyes,487
crucible: independence day,greg keyes,487
crucible: independence day,greg keyes,487
cruel mercy: the ds mcavoy (book 6),david mark,437
cry baby (tom thorne novels),mark billingham,1398
cuff me: new york's finest series (book 3),lauren layne,697
cuff me: new york's finest series (book 3),lauren layne,697
curious minds,janet evanovich,487
cut,marc raabe,473
cut,marc raabe,473
cut out: di harland (book 3),fergus mcneill,219
damaged,martina cole,697
dance with the dead,james nally,437
dangerous games,danielle steel,671
dangerous minds (knight & moon 2),janet evanovich,537
dangerous minds: knight and moon (book 2),janet evanovich,437
dark age:the red rising trilogy (book 5),pierce brown,1525
dark forces: a spider shepherd thriller (book 13),stephen leather,437
dark forces: a spider shepherd thriller (book 13),stephen leather,387
dark forces: a spider shepherd thriller (book 13),stephen leather,437
dark forces: a spider shepherd thriller (book 13),stephen leather,387
dark light,jodi taylor,487
dark suits and sad songs: ci daley (book 3),denzil meyrick,219
dark tide rising: a commander william monk novel (book 24),anne perry,437
dark tracks: order of darkness (volume 4),philippa gregory,537
dark water,elizabeth lowry,437
dark water: a makana investigation (book 6),parker bilal,985
dark winter: a ds mcavoy novel,david mark,269
dark winter: a ds mcavoy novel,david mark,269
darkdawn:the nevernight chronicle (book 3),jay kristoff,1795
darker: fifty shades darker as told by christian,el james,671
darkfall,dean koontz,587
darkside,belinda bauer,985
darling blue,tracy rees,498
daughter of the house,rosie thomas,787
dave vs. the monsters:emergence (david hooper 1),john birmingham,219
day four,sarah lotz,437
day four,sarah lotz,437
day of the caesars: eagles of the empire (book 16),simon scarrow,697
daydreams of angels,heather o''neill,437
dead lions: jackson lamb thriller (book 2),mick herron,877
dead men's trousers,irvine welsh,1255
dead men's trousers,irvine welsh,1255
dead ringers,christopher golden,219
dead ringers,christopher golden,219
deadland: ds alexandra cupidi (book 2),william shaw,1327
deadland: ds alexandra cupidi (book 2),william shaw,1327
deadline,john sandford,625
deadly secrets: a pieter posthumus mystery (book 3),britta bolt,219
death by water: an oslo crime files novel (book 2),torkil damhaug,487
death is a welcome guest: plague times trilogy (book 2),louise welsh,244
death is not enough: the baltimore (book 6),karen rose,487
death is not enough: the baltimore series (book 6),karen rose,397
death trap: the rosie gilmour thriller (book 8),anna smith,787
defender,g x todd,244
deliver me,karen cole,941
demon seed,dean koontz,537
desert oath: assassin's creed origin,oliver bowden,941
desert oath: assassin's creed origin,oliver bowden,941
deus ex black light,james swallow,487
deus ex black light,james swallow,487
devil: the leopards of normandy (book 1),david churchill,587
devils day,andrew michael hurley,787
devils day,andrew michael hurley,787
devoted,dean koontz,1435
devoted in death: death series (book 41),j. d. robb,715
dexter is dead: the dexter series (book 8),jeff lindsay,805
did you see melody,sophie hannah,437
did you see melody,sophie hannah,487
die again: rizzoli & isles series (book 11),tess gerritsen,851
dietland,sarai walker,437
dirty deeds: dirty angels trilogy (book 2),karina halle,537
dirty deeds: dirty angels trilogy (book 2),karina halle,537
dirty promises: dirty angels trilogy (book 3),karina halle,219
displaced,stephan abarbanell,269
disturbance,marianne kavanagh,537
disturbance,marianne kavanagh,537
doctor no,ian fleming,697
doctor sleep,stephen king,1165
doctor who and the krikkitmen,douglas adams,985
doctor who: revelation of the daleks,eric saward,1435
doctor who: star tales,steve cole,1435
dodger of the dials,james benmore,219
dodger of the revolution,james benmore,487
domina,l.s. hilton,715
domina,l.s. hilton,437
"don't cry, tai lake: inspector chen 7",qiu xiaolong,487
don't you forget about me,mhairi mcfarlane,941
double fudge brownie murder: a hannah swensen mystery (book 18),joanne fluke,437
dragon fall (dragon fall book one),katie macalister,487
dragon teeth,michael crichton,715
dry bones in the valley,tom bouman,219
duke: the leopards of normandy (book 2),david churchill,437
eagle rising: jack series (book 2),david devereux,244
eagles in the storm,ben kane,805
early riser,jasper fforde,987
early riser,jasper fforde,877
earth storm,mons kallentoft,537
easterleigh hall at war,margaret graham,219
echoes from afar,tamara mckinley,219
echoes from afar,tamara mckinley,219
echoes in death:death series (44),j. d. robb,941
edge of danger: a deadly ops novel (book 4),katie reus,219
edge of darkness: the cincinnati (book 4),karen rose,487
edge of darkness: the cincinnati (book 4),karen rose,437
elevation,stephen king,805
empire's end: star wars aftermath (the aftermath trilogy book 3),chuck wendig,851
empires: the first battle,gavin deas,319
empires: the first battle,gavin deas,319
end game: a dirty money novel (book 4),lisa renee jones,537
end of watch: the bill hodges trilogy (book 3),stephen king,671
end of watch: the bill hodges trilogy (book 3),stephen king,895
endangered: joe pickett series (book 15),c.j. box,761
endangered: joe pickett series (book 15),c.j. box,761
enemy of rome: gaius valerius verrens series (book 5),douglas jackson,671
enigma of china:inspector chen series (book 8),qiu xiaolong,787
enough rope: the hakim and arnold series (book 4),barbara nadel,448
escape to the riviera,jules wake,437
escape to the riviera,jules wake,437
eve of man: eve of man trilogy (book 1),giovanna fletcher,895
eve of man: eve of man trilogy (book 3),giovanna fletcher,1356
evening primrose: a heart-wrenching novel for our times,kopano matlwa,437
every dark corner: the cincinnati (book 3),karen rose,537
every fifteen minutes,lisa scottoline,487
every mother's son,lyn andrews,219
evie's victory,kitty danton,544
evie's war: evie's dartmoor chronicles series (book 1),kitty danton,787
execution: giordano bruno series (book 6),s.j. parris,931
exile: the marc dane,james swallow,637
exile: the marc dane (book 2),james swallow,787
expectation,anna hope,888
fairytale,danielle steel,937
falling for jillian: the love under the big sky series,kristen proby,535
falling in love,donna leon,671
falling short,lex coulton,269
fallout: warshawski (book 18),sara paretsky,269
fat tuesday,sandra brown,537
fatal,john lescroart,369
fatal music: a captain darac mystery (book 2),peter morfoot,437
fatty o'leary's dinner party,alexander mccall smith,437
fear in the cotswolds: the cotswold mysteries (book 7),rebecca tope,437
fear of dying,erica jong,625
fear of dying,erica jong,625
feast days,ian mackenzie,269
fifty shades freed: the fifty shades trilogy (book 3),el james,715
fifty shades of grey: the fifty shades trilogy (book 1),el james,895
fight back: kerry casey (book 2),anna smith,787
final option: oregon files (book 14),clive cussler,718
final option: oregon files (book 14),clive cussler,718
final scream,lisa jackson,787
find her: detective d.d. warren (book 8),lisa gardner,387
finders keepers: the bill hodges trilogy (book 2),stephen king,671
finders keepers: the bill hodges trilogy (book 2),stephen king,941
finders keepers: the bill hodges trilogy (book 2),stephen king,671
fire & blood: 300 years before a game of thrones,george r.r. martin,2065
fire & sword: throne of the caesars (book 3),harry sidebottom,715
fire at sea: the beauty & beast series (book 3),nancy holder,244
fire damage: a jessie flynn novel (book 1),kate medina,437
firefly,henry porter,877
fireman,joe hill,877
first comes love,emily giffin,487
first response,stephen leather,487
five at the office christmas party,bruno vincent,697
five escape brexit island: enid blyton for grown ups,bruno vincent,697
five forget mother's day,bruno vincent,697
five get beach body ready,bruno vincent,697
five get gran online: enid blyton for grown ups,bruno vincent,697
five get on the property ladder,bruno vincent,697
five give up the booze,bruno vincent,697
five go bump in the night,bruno vincent,697
five go gluten free: enid blyton for grown ups,bruno vincent,697
five go gluten free: enid blyton for grown ups,bruno vincent,697
five go parenting,bruno vincent,697
five hundred miles from you: a novel,jenny colgan,1525
five lose dad in the garden centre: enid blyton for grown ups,bruno vincent,697
five on brexit island: enid blyton for grown ups,bruno vincent,697
fix you,carrie elks,437
fleishman is in trouble,taffy brodesser-akner,985
flight or fright:17 turbulent tales,stephen king,895
forever and a day,anthony horowitz,985
fortune's blight: shattered kingdoms (book 2),evie manieri,219
foundation and earth,isaac asimov,805
foundation's edge,isaac asimov,967
four,andy jones,437
freedom's child,jax miller,437
freedom's child,jax miller,437
freefall: pendulum trilogy series (book 2),adam hamdy,437
friction,sandra brown,487
friend of the family,tasmina perry,487
friendly fire,patrick gale,437
friendly fire,patrick gale,437
from liverpool with love,lyn andrews,219
from the earth to the shadows: valkyrie series (book 2),amanda hocking,941
from the earth to the shadows: valkyrie series (book 2),amanda hocking,941
fury (golden age masterworks),henry kuttner,787
galactic patrol (golden age masterworks),e.e. doc smith,787
garden of beasts,jeffery deaver,437
generation,paula mcgrath,269
"genocide, alien harvest: the complete aliens omnibus (volume 2)",david bischoff,967
"genocide, alien harvest: the complete aliens omnibus (volume 2)",david bischoff,967
genuine lies,nora roberts,1075
get even,martina cole,537
get even,martina cole,487
ghost flight: will jaeger series (book 1),bear grylls,787
ghost flight: will jaeger series (book 1),bear grylls,787
ghosts of christmas past,neil gaiman,437
ghosts of the past: an inspector bordelli mystery,marco vichi,537
girl runner,carrie snyder,537
girls of paper and fire,natasha ngan,487
girls on tour: girls on tour (book 1-5),nicola doherty,437
glimmer: glimmer and glow (book 1),beth kery,537
global strike: strike back series (book 3),chris ryan,397
go ask fannie farmer,elisabeth hyde,437
gold fame citrus,claire vaye watkins,419
gold fame citrus,claire vaye watkins,537
gold fame citrus,claire vaye watkins,537
golden hill,francis spufford,547
gone (dr bloom),leona deakin,941
gone: gardner and freeman (book 2),rebecca muddiman,219
gonzo girl,cheryl della pietra,219
"good girl, bad girl",michael robotham,931
gotham: dawn of darkness,jason starr,199
goulash,brian kimberling,244
gray mountain,john grisham,715
greeks bearing gifts,philip kerr,697
greeks bearing gifts,philip kerr,697
greeks bearing gifts: a bernie gunter thriller,philip kerr,877
greenmantle: the richard hannay adventures (book 2),john buchan,437
grey: fifty shades of grey as told by christian,el james,895
grist mill road,christopher j. yates,269
growing things and other stories,paul tremblay,985
gutenberg's apprentice,alix christie,437
gypsy,lesley pearse,269
half a world away,mike gayle,1327
half the world: shattered sea (book 2),joe abercrombie,805
half the world: shattered sea (book 2),joe abercrombie,805
halo: envoy,tobias s. buckell,761
hardcore 24: tephanie plum (book 24),janet evanovich,437
harmless like you,rowan hisayo buchanan,394
harmless like you,rowan hisayo buchanan,537
harmony,carolyn parkhurst,437
harsh gods: a novel of the shadowside book 02,michelle belanger,487
harsh gods: a novel of the shadowside book 02,michelle belanger,487
harsh gods: a novel of the shadowside book 02,michelle belanger,487
haunted hotel explorers,joe weller,487
hay bales and hollyhocks,sheila newberry,169
hay bales and hollyhocks,sheila newberry,169
hayat-e-moosh,andrzej zaniewski,270
he,john connolly,837
he said/she said,erin kelly,985
he: a novel,john connolly,437
head hunters: danny black thriller (book 6),chris ryan,448
head hunters: the danny black thriller (book 6),chris ryan,387
heart and home,lyn andrews,219
heart and home,lyn andrews,219
heart and home,lyn andrews,219
heartbreak hotel: an alex delaware thriller (book 32),jonathan kellerman,437
hearts of stone,simon scarrow,244
hearts of stone,simon scarrow,244
hearts of stone,simon scarrow,805
heartsong cottage: eternity springs (book 10),emily march,437
hell's kitchen: location scout series (book 3),jeffery deaver,437
hellbent:an orphan x thriller,gregg hurwitz,851
hello again: evelyn talbot series (book 2),brenda novak,219
her beautiful monster: the ravi pi series (book 2),adi tantimedh,219
her father's sins: queenie¿s story (book 1),josephine cox,269
her father's sins: queenie¿s story (book 1),josephine cox,269
her fugitive heart: the ravi pi series (book 3),adi tantimedh,244
her last whisper (dr charlotte stone),karen robards,487
her last whisper (dr charlotte stone),karen robards,487
her mother's secret,rosanna ley,387
her nightly embrace: the ravi pi (book 1),adi tantimedh,219
her royal spyness: royal spyness (book 1),rhys bowen,537
her watchful eye,julie corbin,269
here's to us,elin hilderbrand,437
heroes reborn:collection two,duane swierczynski,194
hetty's farmhouse bakery,cathy bramley,805
hideaway: a novel,nora roberts,1481
hideaway: a novel,nora roberts,1481
his and hers,alice feeney,846
histories,sam guglani,537
histories,sam guglani,637
hitler's secret,rory clements,931
hold your tongue: di eve hunter (book 1),deborah masson,895
holy spy: john shakespeare (book 6),rory clements,437
honeymoon suite,wendy holden,537
hope for the best: the chronicles of st mary's (book 10),jodi taylor,547
hope never dies: an obama biden mystery (book 1),andrew shaffer,715
horace winter says goodbye,conor bowman,319
hot pies on the tram car,sheila newberry,219
hot pursuit: a stone barrington novel,stuart woods,2587
hottest mess: the s.i.n series (book 2),j. kenner,437
how are you going to save yourself,j m holmes,269
how it happened,michael koryta,437
how secrets die,marta perry,671
how secrets die,marta perry,671
how the marquis got his coat back,neil gaiman,175
how to be famous: a novel,caitlin moran,941
how to be famous: a novel,caitlin moran,941
how to disappear,gillian mcallister,846
howling dark: sun easter (book 2),christopher ruocchio,931
hunt the fox: seal team six (book 5),don mann,219
hunted: voices series (book 2),g x todd,787
hunter reborn: a moon shifter novel (book 5),katie reus,219
hunting the eagles: the eagles of rome (book 2),ben kane,671
hush,karen robards,487
i did a bad thing,linda green,537
i did a bad thing,linda green,537
i followed the rules,joanna bolouri,787
i invited her in,adele parks,805
i saw a man,owen sheers,697
i saw a man,owen sheers,697
i will find you: seal island (book 2),daniela sacerdoti,537
i'll keep you safe,peter may,387
i'll keep you safe,peter may,537
i'll keep you safe,peter may,697
i'm still here,clelie avit,344
idle hands: the factory trilogy (book 2),tom fletcher,294
"if i knew you were going to be this beautiful, i never would have let you go",judy chicurel,244
if it bleeds,stephen king,2021
if she only knew: san francisco cahill (book 1),lisa jackson,537
if you only knew,kristan higgins,715
if you only knew,kristan higgins,715
if you're reading this i'm already dead,andrew nicoll,537
imaginary friend,stephen chbosky,1841
impure blood: a captain darac mystery (book 1),peter morfoot,437
impure blood: a captain darac mystery (book 1),peter morfoot,437
in an absent dream:wayward children series (book 4),seanan mcguire,1571
in every moment we are still alive,tom malmquist,537
in five years,rebecca serle,1615
in search of solace,emily mackie,269
in the name of the family,sarah dunant,895
indiscretion: andalucían nights (book 1),hannah fielding,537
inferno: a thomas kydd novel (book 17),julian stockwin,219
inheritance,jenny eclair,931
inhuman resources,pierre lemaitre,437
inquisition,david gibbins,387
inquisition: the jack howard (book 10),david gibbins,437
into a raging blaze,andreas norman,219
into the fire: evan smoak (book 5),gregg hurwitz,718
into the fire: the detainee book 2,peter liney,294
into the water,paula hawkins,805
invader,simon scarrow,715
invictus: an eagles empire novel (book 5),simon scarrow,387
invictus: eagles of the empire (book 15),simon scarrow,1507
iron & rust: throne of the caesars (book 1),harry sidebottom,715
iron gold: the red rising trilogy (book 4),pierce brown,985
island of glass: the guardians trilogy (book 3),nora roberts,895
island of glass: the guardians trilogy (book 3),nora roberts,895
it,stephen king,1255
it started with a secret,jill mansell,846
"its love, only love: the green mountain (book 5)",marie force,269
ivory,tony park,637
jack rabbit smile: a hap and leonard novel (book 11),joe r. lansdale,219
jane seymour the haunted queen: six tudor queens (book 3),alison weir,1037
jericho's war,gerald seymour,537
jessica's girl,josephine cox,269
joe victim,paul cleave,537
jonathan strange & mr norrell,susanna clarke,473
jonathan strange & mr norrell,susanna clarke,473
jubal sackett,louis l''amour,581
jubal sackett,louis l''amour,581
jubal sackett,louis l''amour,581
judges,andrea camilleri,877
just haven't met you yet,cate woods,437
just my luck,adele parks,1398
justice ascending: the scorpius syndrome series (book 3),rebecca zanetti,437
kane and abel,jeffrey archer,895
kane and abel,jeffrey archer,895
kane and abel: 40th anniversary edition,jeffrey archer,3955
kansas in august,patrick gale,587
kansas in august,patrick gale,587
keep me safe,daniela sacerdoti,437
killer affair,rebecca chance,941
killer plan: a di geraldine steel mystery (book 7),leigh russell,437
killing for the company,chris ryan,537
king solomon's curse: nina wilde & eddie chase (book 13),andy mcdermott,487
kiss carlo,adriana trigiani,437
kitchens of the great midwest,j. ryan stradal,877
lady of hay,barbara erskine,895
land of the blind: an inspector ikmen mystery (book 17),barbara nadel,437
lando,louis l''amour,535
lando,louis l''amour,535
larchfield,polly clark,787
last chance in the pyrenees: the fogas chronicles (book 5),julia stagg,437
last dance in havana,rosanna ley,877
last man standing,stephen leather,537
last ragged breath: a thrilling murder mystery (book 4),julia keller,437
last resort: bob skinner mysteries series (book 25),quintin jardine,787
last rites: a marcus corvinus mystery (book 6),david wishart,269
last shot star wars (a han and lando novel),daniel jose older,895
last words: mark novak (book 1),michael koryta,269
last words: mark novak (book 1),michael koryta,269
lavender road: a lavender road novel (book 1),helen carey,219
leave me,gayle forman,895
leaving time,jodi picoult,805
legacy,hannah fielding,487
legion: the many lives of stephen leeds (an omnibus collection of legion),brandon sanderson,1525
less than a treason,dana stabenow,895
let loose the tigers,josephine cox,219
letters from my sister,alice peterson,437
letters to my daughters,emma hannigan,537
"liar, liar",lisa jackson,437
lie in wait,g.j. minett,387
lie with me,sabine durrant,761
lie with me,sabine durrant,761
lies,t.m. logan,787
lies lies lies,adele parks,985
"lies, damned lies, and history: the chronicles of st mary's (book 7)",jodi taylor,787
light touch,stephen leather,625
light touch,stephen leather,625
light touch: a spider shepherd thriller (book 16),stephen leather,437
light touch: a spider shepherd thriller (book 16),stephen leather,437
limbo: sf masterworks,bernard wolfe,895
literary miniatures,florence noiville,985
little bits of baby,patrick gale,437
little boy blue: di helen grace series (book 5),m. j. arlidge,671
little boy blue: di helen grace series (book 5),m. j. arlidge,671
little fires everywhere,celeste ng,985
live by night,dennis lehane,761
liverpool gems,anne baker,219
liverpool sisters,lyn andrews,219
london affair: london affair (book 1-3),rhyannon byrd,537
london rules: jackson lamb thriller (book 5),mick herron,877
long story short: a short story collection (the chronicles of st mary's),jodi taylor,787
look at me,sarah duguid,344
looker,laura sims,637
looker,laura sims,637
looker,laura sims,437
looking glass: the chronicles of alice (book 3),christina henry,1075
lord of ashes: steelhaven (book 3),richard ford,537
lord of the privateers: the adventurers quartet (book 4),stephanie laurens,761
loser's corner,antonin varenne,269
lost empress,sergio de la pava,647
love & friendship,whit stillman,219
love & friendship,whit stillman,219
love after all: hope (book 4),jaci burton,537
love after love,alex hourston,537
love me not,m.j. arlidge,1075
love me or leave me,josephine cox,219
love notes for freddie,eva rice,437
love notes for freddie,eva rice,437
love without end: a story of heloise and abelard,melvyn bragg,494
love without end: a story of heloise and abelard,melvyn bragg,494
love you dead: the roy grace series (book 12),peter james,761
"love, or nearest offer",adele geras,877
luck be a lady: the reckless (book 4),meredith duran,437
lying in wait,liz nugent,805
lying to you,amanda reynolds,437
lying to you,amanda reynolds,437
madame bovary of the suburbs,sophie divry,269
maestra,l.s. hilton,715
magpie murders,anthony horowitz,941
make me stay: hope series (book 5),jaci burton,437
make me stay: hope series (book 5),jaci burton,437
make me: a jack reacher thriller (book 20),lee child,851
malorie: a bird box novel,josh malerman,1661
manhattan beach,jennifer egan,985
manhattan beach,jennifer egan,985
marry me by sundown,johanna lindsey,787
marry me by sundown: callahan-warren series (book 3),johanna lindsey,805
master and apprentice (star wars),claudia gray,1435
master of the game,portia da costa,805
master of the game,portia da costa,805
maybe this time,jill mansell,697
meadusa: an oslo crime files (book 1),torkil damhaug,537
mean streak,sandra brown,537
meet me at pebble beach,bella osborne,846
meet me in bombay,jenny ashcroft,803
meet me in san francisco,shana gray,537
meet me on the beach,hilary boyd,437
mercury,margot livesey,219
mexican gothic,silvia moreno-garcia,1526
midnight sun (translation),jo nesbo,581
midnight sun (translation),jo nesbo,985
milkman: a novel,anna burns,1398
million love songs,carole matthews,787
miracle creek,angie kim,941
mirage: mirage series (book 1),somaiya daud,851
miss you forever,josephine cox,269
mistress of the just land: jean brash series (book 1),david ashton,437
monday starts on saturday: sf masterworks,boris strugatsky,985
monster in the closet: the baltimore (book 5),karen rose,487
monster in the closet: the baltimore (book 5),karen rose,487
moondance beach,susan donovan,269
moonlight and ashes,rosie goodwin,219
moonlight seduction: a de vincent series (book 2),jennifer l. armentrout,761
moonlight sins: a de vincent series (book 1),jennifer l. armentrout,671
more than a feeling,cate woods,437
more twisted,jeffery deaver,437
most wanted,lisa scottoline,269
mothering sunday,rosie goodwin,319
mothering sunday,rosie goodwin,219
motherland,jo mcmillan,219
motive: an alex delaware thriller,jonathan kellerman,671
motive: an alex delaware thriller,jonathan kellerman,671
mount! rutshire chronicles series (book 10),jilly cooper,625
mr gandy's grand tour,alan titchmarsh,787
mr murder,dean koontz,787
mucho mojo: hap and leonard (book 2),joe r. lansdale,219
mucho mojo: hap and leonard (book 2),joe r. lansdale,219
murder at the grand raj palace: baby ganesh agency investigation series (book 4),vaseem khan,787
murder at the grand raj palace: baby ganesh agency investigation series (book 4),vaseem khan,787
murder ring: a di geraldine steel mystery (book 8),leigh russell,437
"music of the spears, berserker: the complete aliens omnibus (volume 4)",yvonne navarro,967
"music of the spears, berserker: the complete aliens omnibus (volume 4)",yvonne navarro,967
my dark vanessa: a novel,kate elizabeth russell,1435
my mother's secret,shelia o''flanagan,697
my sister,michelle adams,269
naked to the hangman: the lydmouth crime (book 8),andrew taylor,487
name of the dog,elmer mendoza,637
naughty,velvet,219
nelly dean,alison case,219
nelly dean,alison case,219
nemesis games: book 5 of the expanse (now a prime original series),james s.a. corey,1075
"never die alone: new orleans series, book 8",lisa jackson,487
never go there,rebecca tinnelly,437
never have i ever,joshilyn jackson,803
never never: detective harriet blue series (book 1),james patterson,581
"never saw you coming: a gorgeous, funny, feel-good read",hayley doyle,846
nexus uprising: mass effect (andromeda),jason m. hough,715
night moves: an alex delaware thriller (book 33),jonathan kellerman,387
night of the damned,stephen bywater,219
night without stars: chronicle of the fallers (book 2),peter f. hamilton,1165
nightflyers and other stories,george r.r. martin,805
nightflyers: the darkest places are within,george r.r. martin,941
nightflyers: the illustrated edition,george r.r. martin,1255
nina is not ok,shappi khorsandi,625
nina is not ok,shappi khorsandi,625
no cure for love,peter robinson,437
no cure for love,peter robinson,437
no dominion,louise welsh,537
no mortal thing,gerald seymour,387
no place of angels,meg hutchinson,269
no thanks im quite happy standing,virginia ironside,537
no time like the past: the chronicles of st mary's (book 5),jodi taylor,787
nocturnal animals,austin wright,437
nomad,james swallow,697
nor will he sleep: inspector mclevy series (book 4),david ashton,437
nor will he sleep: inspector mclevy series (book 4),david ashton,437
not that i could tell,jessica strawer,269
notes from an exhibition,patrick gale,437
nothing ventured: william warwick chronicle (book 1),jeffrey archer,895
now is the time,melvyn bragg,244
now is the time,melvyn bragg,244
now we are dead,stuart macbride,805
now you see,max manning,219
nymphs,sari luhtanen,537
nypd red 3,james patterson,937
nypd red 5,james patterson,1255
occupy me,tricia sullivan,1687
"october, november, december: calendar girl (volume 4)",audrey carlan,715
"october, november, december: calendar girl (volume 4)",audrey carlan,715
odd child out,gilly macmillan,877
of blood and bone,nora roberts,985
off the grid: joe pickett (book 16),c.j. box,761
off the page,jodi picoult,423
off the page,jodi picoult,423
old bones: a marcus corvinus mystery (book 5),david wishart,269
on a wing and a prayer: lavender road series (book 3),helen carey,219
on a wing and a prayer: lavender road series (book 3),helen carey,219
on my life,angela clarke,537
"on the bright side: the new secret diary of hendrik groen, 85 years old",hendrik groen,851
once in a lifetime,chrissie manby,537
"one clear, ice-cold january morning at the beginning of the 21st century",roland schimmelpfeinnnig,269
one false move,robert goddard,895
one false move,dreda say mitchell,131
one kind man: the ellindale saga (book 2),anna jacobs,219
one more for saddler street,harry bowling,219
one perfect kiss: hope (book 8),jaci burton,437
one small act of kindness,lucy dillon,941
one small act of kindness,lucy dillon,941
one special village: ellindale saga (book 3),anna jacobs,269
one summer in crete,nadia marks,846
one summer in tuscany,domenica de rosa,787
one with you: the crossfire series (book 5),sylvia day,761
only a promise (a survivors' club novel) 5,mary balogh,715
only beloved (a survivors' club novel) 7,mary balogh,715
only for you: one night of passion series (book 5),beth kery,448
order to kill: mitch rapp series (book 13),vince flynn,387
order to kill: mitch rapp series (book 13),vince flynn,387
origin: robert langdon series (book 5),dan brown,1435
our dark secret,jenny quintana,1526
our dark secret,jenny quintana,1526
our game: the penguin john le carre hardback collection,john le carre,1483
our stop,laura jane williams,851
outstanding,kathryn flett,269
pack up your troubles,anne bennett,219
palomino,danielle steel,337
pangea,talaiya safdar,517
pangea,talaiya safdar,517
paradise valley: the highway quartet series (book 4),c.j. box,805
past perfect,danielle steel,941
past tense: a jack reacher thriller (book 23),lee child,1391
patient x,david peace,537
patient x,david peace,537
paulina & fran,rachel b. glaser,1327
paulina & fran,rachel b. glaser,1327
pen 33: ewert grens (book 1),anders roslund,537
pengelly's daughter: cornish saga (book 1),nicola pryce,244
pengelly's daughter: cornish saga (book 1),nicola pryce,244
persephone: a thomas kydd novel (book 18),julian stockwin,244
persephone: a thomas kydd novel (book 18),julian stockwin,244
persepolis rising:book 7 of the expanse (now a prime original series),james s.a. corey,1075
pet sematary,stephen king,967
phoebe: a story,paula gooder,219
phoebe: a story,paula gooder,219
planet of the apes omnibus (volume 1),michael avallone,487
planet of the apes omnibus (volume 1),michael avallone,487
planet of the apes omnibus (volume 2),john jakes,877
planet of the apes omnibus (volume 2),john jakes,877
playing for keeps: heartbreaker bay (book 7),jill shalvis,437
playing with death,simon scarrow,387
playing with death,simon scarrow,387
playing with death,simon scarrow,387
playing with death,simon scarrow,387
playing with fire,tess gerritsen,715
point of no return,scott frost,219
poison: tales from the kingdoms (book 1),sarah pinborough,1417
polly's pride (pollys journey 1),freda lightfoot,219
pompidou posse,sarah lotz,437
"postscript: the sequel to ps, i love you",cecelia ahern,1435
precious gifts,danielle steel,581
prefecture d,hideo yokoyama,847
prefecture d,hideo yokoyama,847
prelude to foundation,isaac asimov,967
pretend you're safe,alexandra ivy,437
pretty is,maggie mitchell,487
pretty is,maggie mitchell,487
priest of bones: the war for the rose throne (book 1),peter mclean,437
priest of bones: the war for the rose throne (book 1),peter mclean,437
prince's gambit: book two of the captive prince trilogy,c. s. pacat,1345
prince's gambit: book two of the captive prince trilogy,c. s. pacat,1345
private paris: private series (book 11),james patterson,1165
private paris: private series (book 11),james patterson,1165
private sydney: private series (book 10),james patterson,535
project duchess: a duke dynasty novel,sabrina jeffries,487
"promise not to tell: cutler, sutter, & salinas series (book 2)",jayne ann krentz,941
"promise not to tell: cutler, sutter, & salinas series (book 2)",jayne ann krentz,671
property of a noblewoman,danielle steel,625
provenance,ann leckie,941
prussian blue: bernie gunther series (book 12),philip kerr,787
pushing the limits,cc gibbs,487
q,christina dalcher,1356
queenie,candice carty-williams,985
queenie malone's paradise hotel,ruth hogan,761
quieter than killing: the di marnie rome (book 4),sarah hilary,537
raging heat: nikki heat series (book 6),richard castle,697
rainy day friends: wildstone (book 2),jill shalvis,437
real tigers: jackson lamb thriller (book 3),mick herron,787
reap the wind: the cassie palmer series (book 7),karen chance,581
reap the wind: the cassie palmer series (book 7),karen chance,581
record of a spaceborn few: wayfarers (book 3),becky chambers,985
red hot: mills & boon blaze series,lisa childs,265
red hot: mills & boon blaze series,lisa childs,265
red light: katie maguire (book 3),graham masterton,761
red strike: strike back series (book 4),chris ryan,1327
redcoat,bernard cornwell,387
remember my name,abbey clancy,437
remembrance day,henry porter,437
remembrance day,henry porter,437
resistance reborn (star wars): journey to star wars: the rise of skywalker,rebecca roanhorse,1661
restoration: verity fassbinder series (book 3),angela slatter,244
resurgence: independence day,alex irvine,487
retribution road: arthur bowman (book 1),antonin varenne,537
return to the italian quarter,domenica de rosa,787
revelations: war for the planet of the apes,greg keyes,437
revenge,martina cole,787
revenger: revenger series (book 1),alastair reynolds,787
revenger: revenger series (book 1),alastair reynolds,787
ride the fire: blakewell/kenleigh family trilogy (book 3),pamela clare,537
ride the river,louis l''amour,535
right behind you,lisa gardner,787
river road,carol goodman,487
riverbend road: a haven point series (book 4),raeanne thayne,671
riverbend road: a haven point series (book 4),raeanne thayne,671
robert ludlum's the bourne ascendancy,eric van lustbader,448
robert ludlum's the bourne enigma: the new jason bourne adventure,eric van lustbader,761
robert ludlum's the bourne enigma: the new jason bourne adventure,eric van lustbader,761
robert ludlum's the bourne initiative: jason bourne series (book 14),robert ludlum,715
robert ludlum's the patriot attack: the covert one series (book 12),robert ludlum,1417
robert ludlum's the patriot attack: the covert one series (book 12),robert ludlum,1417
robots and empire,isaac asimov,787
rock with wings: leaphorn chee series (book 20),anne hillerman,1031
rockadoon shore,rory gleeson,269
rogue lawyer,john grisham,895
"rogue, labyrinth: the complete alliens omnibus (volume 3)",sandy schofield,537
"rogue, labyrinth: the complete alliens omnibus (volume 3)",sandy schofield,537
rome's lost son: vespasian (book 6),robert fabbri,537
rook song: gaia chronicles series (book 2),naomi foyle,587
rooms,lauren oliver,851
rosemary,margaret kaine,219
rosemary,margaret kaine,219
roses for rebecca,margaret kaine,269
rotherweird: rotherweird (book 1),andrew caldecott,967
rough music,patrick gale,437
ruin: gods (book 1),samantha towle,437
ruler of the night: a thomas and emily de quincey mystery (book 3),david morrell,437
rumble tumble: hap and leonard (book 5),joe r. lansdale,219
rumble tumble: hap and leonard (book 5),joe r. lansdale,219
runaway,peter may,787
runaway,peter may,423
runaway,peter may,423
runaway,peter may,423
rush: gods (book 2),samantha towle,437
rushing waters,danielle steel,397
rushing waters,danielle steel,397
rushing waters,danielle steel,715
rusty puppy: a hap and leonard novel (book 10),joe r. lansdale,219
rusty puppy: hap and leonard (book 10),joe r. lansdale,419
rusty puppy: hap and leonard (book 10),joe r. lansdale,419
safari,tony park,637
safe at last: a slow burn novel,maya banks,625
safe: how to stay safe in a dangerous world,chris ryan,537
saffron in the hay yard (first edition),farzana aqib,1080
sahara: a dirk pitt novel,clive cussler,437
saint's blood: the greatcoats (book 3),sebastien de castell,597
salt lane,william shaw,877
sarah's key,tatiana de rosnay,211
saving sophie,sam carrington,805
say yes to the duke (wildes of lindow castle),eloisa james,1075
say you still love me,k.a. tucker,1661
sealed with a loving kiss: the cliffehaven book 9,ellie dean,437
sealed with a loving kiss: the cliffehaven book 9,ellie dean,437
season of storms: witcher series (book 6),andrzej sapkowski,985
season of storms: witcher series (book 6),andrzej sapkowski,1031
second chance summer: cedar ridge (book 1),jill shalvis,437
second chance summer: the cedar ridge (book 1),jill shalvis,437
secrets of a happy marriage,cathy kelly,761
secrets of a happy marriage,cathy kelly,737
secrets she left behind,diane chamberlain,437
see what i have done,sarah schmidt,437
seeing red,sandra brown,387
seize the night: moonlight bay (book 2),dean koontz,537
service of all the dead: an inspector morse mystery book 04,colin dexter,487
seven stones to stand or fall: a collection of outlander short stories,diana gabaldon,715
seventeen: the new novel from the bestselling japanese sensation,hideo yokoyama,523
shadow and flame: the ascendant kingdoms saga (book 4),gail z. martin,895
shadow and flame: the ascendant kingdoms saga (book 4),gail z. martin,895
shadow kill: a strike back novel (book 2),chris ryan,387
shadow kill: strikeback series (book 2),chris ryan,387
shadow tyrants: oregon files (book 3),clive cussler,761
shallow graves: a location scout thriller (book 1),jeffery deaver,787
shattered,dean koontz,787
shattermoon,dominic dulley,537
she was the quiet one,michele campbell,895
shell game: v.i. warshawski (book 19),sara paretsky,387
shelter from the storm,ellie dean,194
shiang:empire of salt series (book 2),c.f. iggulden,895
shogun: the epic novel of japan (the asian saga),james clavell,1327
shogun: the epic novel of japan (the asian saga),james clavell,1327
shogun: the epic novel of japan (the asian saga),james clavell,1327
shot on gold: play-by-play (book 14),jaci burton,437
shot through the heart: a di grace fisher thriller,isabelle grey,437
shot through the heart: a di grace fisher thriller,isabelle grey,437
shots fired: stories from joe pickett country,c.j. box,761
sidney sheldon's reckless,tilly bagshawe,715
siege line: reawakening trilogy (book 3),myke cole,537
sight: devil's isle series (book 2),chloe neill,537
silent kill: the extreme series (book 4),chris ryan,437
six four,hideo yokoyama,895
"six tudor queens:: jane seymour, the haunted queen",alison weir,787
sixty degrees north: around the world in search of home,malachy tallack,487
skin,ilka tampke,437
skin game: the dresden files (book 15),jim butcher,985
skin game: the dresden files (book 15),jim butcher,985
skyjack: thea paris (book 2),k.j. howe,537
sleeping beauties,owen king,3595
sleeping beauties,stephen king,941
sleeping beauties,owen king,3595
sleeping beauties,stephen king,715
sleeping beauties: an inspector tom reynolds mystery (book 3),jo spain,787
sleeping beauties: an inspector tom reynolds mystery (book 3),jo spain,787
sleeping in the ground: the new dci banks novel (book 24),peter robinson,437
sleeping late on judgement day: the bobby dollar series (book 3),tad williams,851
slow horses: jackson lamb thrillers (book 1),mick herron,761
slow horses: jackson lamb thrillers (book 1),mick herron,761
small great things,jodi picoult,787
smiley's people (the penguin john le carre hardback collection),john le carre,1615
smoke over malibu,tim walker,895
snow angels,elizabeth gill,219
snowflakes over moon cottage: hope meadows series (book 4),lucy daniels,219
"so long, and thanks for all the fish: the hitchhiker series (book 4)",douglas adams,851
"so long, and thanks for all the fish: the hitchhiker series (book 4)",douglas adams,851
"so long, and thanks for all the fish:the hitchhiker series (book 4)",douglas adams,851
"so long, and thanks for all the fish:the hitchhiker series (book 4)",douglas adams,851
"so nude, so dead",ed mcbain,967
someone to care: westcott series (book 4),mary balogh,851
someone to hold: westcott series (book 2),mary balogh,715
someone to honor:westcott series (book 6),mary balogh,805
someone to romance (the westcott series),mary balogh,931
someone to trust: westcott series (book 5),mary balogh,805
someone to wed: westcott series (book 3),mary balogh,805
someone we know,shari lapena,718
song of susannah: the dark tower series (book 6),stephen king,851
song of the dead: a di westphall novel (book 1),douglas lindsay,537
sons of the blood: new world rising series (book 1),robyn young,1417
sow the seed (fleethaven trilogy),margaret dickinson,219
spain to norway on a bike called reggie,andrew p. sykes,294
sparkling stilettos: sparkling book 1,jess wright,387
spellslinger,sebastien de castell,369
spindrift,tamara mckinley,219
splinter the silence: tony hill and carol jordan (book 9),val mcdermid,671
splinter the silence: tony hill carol jordan (book 9),val mcdermid,787
spook street,mick herron,697
spoonbenders,daryl gregory,219
springtime at wildacre: hope meadows (book 3),lucy daniels,269
stained light: the gaia chronicles (book 4),naomi foyle,737
stasi child: karin muller series (book 1),david young,715
stasi child: karin muller series (book 1),david young,877
stasi child: karin muller series (book 1),david young,877
still alice,lisa genova,787
sting,sandra brown,387
stone cold heart,laura griffin,437
stork mountain,miroslav penkov,219
stormchild,bernard cornwell,697
stranger in a strange land,robert a. heinlein,1057
streets of darkness: harry virdee series (book 1),a.a. dhand,761
streets of darkness: harry virdee series (book 1),a.a. dhand,761
style,joseph connolly,437
suicide squad: the official movie novelization,david ayer,199
summer at tiffany's,karen swan,715
summer days at sunrise farm,lucy daniels,269
summer of secrets,nikola scott,537
summer of the dead: bell elkins series (book 3),julia keller,437
summer secrets,jane green,715
summertime,vanessa lafaye,877
sunday morning coming down: a frieda klein novel (book 7),nicci french,625
sunfall,jim al-khalili,1345
sunset over the cherry orchard,jo thomas,877
sunshine at the comfort food cafe,debbie johnson,851
sweet after death: an alice madison thriller (book 4),valentina giambanco,437
sweet nothing: stories,richard lange,269
sword of destiny: witcher series short stories,andrzej sapkowski,1031
sword of kings: the last kingdom series (book 12),bernard cornwell,718
swords around the throne: twilight of empire (book 2),ian ross,761
swords around the throne: twilight of empire (book 2),ian ross,761
sympathy for the devil: a breen & tozer investigation (book 4),william shaw,437
tailspin,sandra brown,437
tailspin,sandra brown,387
take me in,sabine durrant,537
take nothing with you,patrick gale,537
take nothing with you,patrick gale,537
takedown,stephen leather,387
talking to ghosts,herve le corre,269
tall order: a spider shepherd thriller (book 15),stephen leather,537
tall order: a spider shepherd thriller (book 15),stephen leather,697
tall order: a spider shepherd thriller (book 15),stephen leather,537
target: alex cross series (book 26),james patterson,1345
tears of the moon: gallaghers of ardmore series (book 2),nora roberts,877
tell tale: stories,jeffrey archer,715
temptation's darling,johanna lindsey,1121
tempting the bodyguard (gamble brothers book 3),jennifer l. armentrout,487
tempting the bodyguard (gamble brothers book 3),jennifer l. armentrout,487
tempting the player: gamble brothers (book 2),jennifer l. armentrout,437
ten reasons not to fall in love,linda green,787
tennison: jane tennison series (book 1),lynda la plante,697
tennison: prime suspect 1973 (tennison book 1),lynda la plante,473
testament,kim sherwood,537
testament: the jack howard (book 9),david gibbins,487
the 3rd woman,jonathan freedland,437
the animals at lockwood manor,jane healey,1356
the apartment,danielle steel,805
the arc of the swallow: søren marhauge (book 2),sissel-jo gazan,587
the art of waiting,christopher jory,437
the ash doll: charlie priest series (book 2),james hazel,805
the ash doll: charlie priest series (book 2),james hazel,805
the aunt who wouldnt die,shirshendu mukhopadhyay,737
the babysitter,phoebe morgan,803
the baltic prize: a thomas kydd novel (book 19),julian stockwin,269
the baltic prize: a thomas kydd novel (book 19),julian stockwin,269
the banker's wife,cristina alger,387
the banker's wife,cristina alger,387
the beast's heart,leife shallcross,787
the beguiled,thomas cullinan,537
the best kind of people,zoe whittall,437
the big lie,julie mayhew,787
the big lie,julie mayhew,787
the biggerers,amy lilwall,244
the binding song,elodie harper,537
the bird in the tree: the eliot chronicles (book 1),elizabeth goudge,244
the bishop's pawn: a cotton malone adventure (book 13),steve berry,697
the bishop's pawn:cotton malone series (book 13),steve berry,547
the bishop's pawn:cotton malone series (book 13),steve berry,547
the bitter season,tami hoag,211
the bitter season,tami hoag,211
the black elfstone: the fall of shannara series (book 1),terry brooks,985
the black elfstone: the fall of shannara series (book 1),terry brooks,985
the blacklist - the beekeeper no. 159,steven piziks,244
the blade artist,irvine welsh,805
the blood of rome: eagles of the empire (book 17),simon scarrow,787
the blood of rome: eagles of the empire (book 17),simon scarrow,787
the blood strand: an absorbing new mystery book 01,chris ould,487
the blue nowhere,jeffery deaver,473
the blue salt road,joanne m. harris,1255
the bluebird girls,rosie archer,219
the bone collection: four novellas,kathy reichs,581
the book of aron,jim shepard,537
the book of life: all souls trilogy (book 3),deborah harkness,761
the book of life: all souls trilogy (book 3),deborah harkness,1057
the bookseller,cynthia swanson,437
the bourbon kings,j.r. ward,1075
the bourne evolution: robert ludlum's jason bourne series (book 12),brian freeman,1568
the boy in the shadows: the danny katz book 1,carl-johan vallgren,219
the boy with the latchkey: the halfpenny orphans (book 4),cathy sharp,219
the breakdown,b a paris,805
the brittle star,davina langdale,487
the burial hour: a lincoln rhyme thriller (book 13),jeffery deaver,687
the burial hour: a lincoln rhyme thriller (book 13),jeffery deaver,697
the burial hour: a lincoln rhyme thriller (book 13),jeffery deaver,787
the burning house,neil spring,437
the burning house,neil spring,437
the burning page: the invisible library series (book 3),genevieve cogman,761
the burning world,isaac marion,805
the butcher bird: oswald delacy (book 2),s d sykes,487
the butcher bird: oswald delacy (book 2),s d sykes,487
the butcher's hook,janet ellis,387
the butcher's hook,janet ellis,387
the butcher's hook,janet ellis,387
the cairo affair,olen steinhauer,244
the cast,danielle steel,671
the castle on the hill: the eliot chronicles (book 4),elizabeth goudge,244
the castle on the hill: the eliot chronicles (book 4),elizabeth goudge,244
the cat sanctuary,patrick gale,437
the catch,t.m. logan,888
the catch,t.m. logan,888
the cavendon luck: cavendon chronicles series (book 3),barbara taylor bradford,787
the cavendon luck: cavendon chronicles series (book 3),barbara taylor bradford,787
the caves of steel,isaac asimov,787
the chain,adrian mckinty,985
the chalk pit: the dr ruth galloway mysteries (book 9),elly griffiths,537
the chalk pit: the dr ruth galloway mysteries (book 9),elly griffiths,537
the chemist,stephenie meyer,851
the chemist,stephenie meyer,851
the children of men,p.d. james,877
the children's block,otto b. kraus,851
the chosen queen: the queens of conquest (book 1),joanna courtney,1695
the city of mirrors: the passage trilogy book 3,justin cronin,877
the cleaner,elisabeth herrmann,437
the clockwork crown: clockwork dagger (book 2),beth cato,1057
the cloven:vorrh trilogy series (book 3),brian catling,877
the coal miner's wife,elizabeth gill,219
the code girls,daisy styles,671
the coffin path,katherine clements,244
the cold moon: lincoln rhyme (book 7),jeffery deaver,537
the coldest blood: a dani lewis thriller (book 3),j. s. law,537
the collector,nora roberts,985
the colorado kid,stephen king,805
the colour of bee larkham's murder,sarah j. harris,895
the comfort of others,kay langdale,544
the comfort of others,kay langdale,537
the comfort of others,kay langdale,544
the complete aliens omnibus (volume 1),steve perry,967
the complete aliens vs. predator omnibus,steve perry,967
the complete aliens vs. predator omnibus,steve perry,967
the complete independence day omnibus,dean devlin,877
the confession,jo spain,877
the consolation of maps,thomas bourke,269
the convert's song,sebastian rotella,219
the core of the sun,johanna sinisalo,537
the core: the demon cycle series (book 5),peter v. brett,671
the cornish dressmaker,nicola pryce,194
the cosy tea shop in the castle,caroline roberts,787
the coven: beatrice scarlet series (book 2),graham masterton,805
the crossing places,elly griffiths,219
the crow garden,alison littlewood,437
the crow garden,alison littlewood,437
the cutting edge (lincoln rhyme thrillers),jeffery deaver,697
the cutting edge: a lincoln rhyme thriller (book 14),jeffery deaver,697
the damned: the beautiful (book 2),renee ahdieh,1526
the dare and the doctor: the winner takes all (book 3),kate noble,437
the dark angel,elly griffiths,697
the dark angel,elly griffiths,697
the dark angel: a dr ruth galloway mystery,elly griffiths,837
the dark angel: ruth galloway series (book 10),elly griffiths,877
the dark net,benjamin percy,269
the dark side,danielle steel,676
the darkest place: inspector tom reynolds (book 4),jo spain,537
the death collector,neil white,671
the death knock,elodie harper,537
the deaths of december,susi holliday,537
the deep,nick cutter,537
the deep,nick cutter,537
the deepest grave: fiona griffiths (book 6),harry bingham,537
the devil's teardrop,jeffery deaver,437
the dilemma,b a paris,1345
the directive: mike ford series (book 2),matthew quirk,219
the directive: mike ford series (book 2),matthew quirk,219
the disciple: the string diaries (book 2),stephen lloyd jones,437
the dish,stella newman,487
the doctor's baby secret: mills & boon medical romance series,scarlet wilson,265
the doctor's baby secret: mills & boon medical romance series,scarlet wilson,265
the doctor's baby secret: mills & boon medical romance series,scarlet wilson,265
the doll factory,elizabeth macneal,931
the doll funeral,kate hamer,737
the doomed city: sf masterworks,boris strugatsky,1031
"the dragon republic (the poppy war, book 2)",r.f. kuang,973
the drowning child,alex barclay,537
the early birds,laurie graham,437
the easy way out,steven amsterdam,537
the easy way out,steven amsterdam,537
the edge of the light,elizabeth george,373
the edge of the light,elizabeth george,373
the edge of the shadows: edge of nowhere (book 3),elizabeth george,487
the empathy problem,gavin extence,437
the empire of gold: the daevabad trilogy (book 3),s.a. chakraborty,1615
the empire of gold: the daevabad trilogy (book 3),s.a. chakraborty,1615
the end of loneliness,benedict wells,877
the end of the world running club,adrian j walker,373
the english agent,clare harvey,219
the erstwhile,b. catling,877
the escape,c.l. taylor,437
the eve illusion: eve of man trilogy (book 2),giovanna fletcher,1525
the ex,alafair burke,787
the exiled,christopher charles,219
the eyes of darkness,dean koontz,1075
the eyes of darkness,dean koontz,1075
the eyes of darkness,dean koontz,1075
the face of fear,dean koontz,537
the face of fear,dean koontz,537
the factory girls: the bomb girls (book 3),rosie archer,269
the facts of life,patric gale,437
the fall and rise of the amir sisters: amir sisters series (book 2),nadiya hussain,805
the fallen: bravo shaw series (book 2),eric van lustbader,805
the fallen:amos decker series (book 4),david baldacci,761
the family next door,sally hepworth,787
the fatal tree,jake arnott,537
the fear within,j. s. law,437
the feed,nick clark windo,387
the fire maker,peter may,715
the fire maker: the china thrillers (book 1),peter may,423
the fire maker: the china thrillers (book 1),peter may,423
the fire pit: a faroes novel (book 3),chris ould,437
the first thing you see,gregoire delacourt,967
the first thing you see,gregoire delacourt,967
the flash: the haunting of barry allen book 01,clay griffith,244
the forbidden place,susanne jansson,269
the foreigner,stephen leather,437
the forever house,veronica henry,697
the forgotten holocaust: the ben hope series (book 10),scott mariani,715
the fortunes,peter ho davies,219
the foster child,jenny blackhurst,437
the four streets: the four streets trilogy (book 1),nadine dorries,269
the fourth sacrifice: a china thriller,peter may,387
the fourth sacrifice: the china thrillers (book 2),peter may,537
the fourth sacrifice: the china thrillers (book 2),peter may,537
the fox,frederick forsyth,851
the fractured life of jimmy dice,ronan ryan,219
the french girl,lexie elliott,637
the frighteners: a matt helm novel,donald hamilton,244
the frighteners: a matt helm novel,donald hamilton,244
the gates of athens: athenian,conn iggulden,1483
the ghost factory,jenny mccartney,888
the ghost tree,barbara erskine,941
the ghost tree,barbara erskine,941
the gift of friends,emma hannigan,787
"the girl and the stars (book of the ice, book 1)",mark lawrence,1481
the girl before,jp delaney,715
the girl before,jp delaney,805
the girl from summer hill,jude deveraux,805
the girl from summer hill,jude deveraux,805
the girl he used to know,tracey garvis graves,985
the girl in the spider's web,david lagercrantz,423
the girl in the spider's web,david lagercrantz,761
the girl in the spider's web,david lagercrantz,761
the girl in the spider's web,david lagercrantz,761
the girl in the spider's web: millennium (book 4),david lagercrantz,787
the girl the sea gave back,adrienne young,941
the girl who kicked the hornets' nest,stieg larsson,805
the girl who lied,sue fortin,437
the girl who lived twice:a new dragon tattoo story,david lagercrantz,851
the girl who played with fire: a dragon tattoo story,stieg larsson,787
the girl who played with fire: a dragon tattoo story,stieg larsson,787
the girl who takes an eye for an eye: continuing stieg larsson's millennium series,david lagercrantz,787
the girl who takes an eye for an eye: continuing stieg larsson's millennium series,david lagercrantz,1165
the girl who takes an eye for an eye: continuing stieg larsson's millennium series,david lagercrantz,715
the girl with the dragon tattoo,stieg larsson,967
the girl with the dragon tattoo,stieg larsson,967
the girl with the dragon tattoo: millennium (book 1),stieg larsson,787
the girls from the local,rosie archer,269
the giver of stars,jojo moyes,1615
the glass painter's daughter,rachel hore,387
the godfather: 50th anniversary edition,mario puzo,2291
the godfather: 50th anniversary edition,mario puzo,2291
the golem of paris: detective jacob lev (book 2),jonathan kellerman,537
the golem of paris: detective jacob lev (book 2),jonathan kellerman,437
the good doctor of warsaw,elisabeth gifford,787
the good fight,danielle steel,671
the good guy,susan beale,537
the good life,martina cole,473
the goodbye gift,amanda brooke,437
the goodbye man: a colter shaw novel (book 2),jeffery deaver,1441
the gown,jennifer roberson,537
the gradual,christopher priest,523
the guardian,nicholas sparks,625
the guest cottage,nancy thayer,537
the gunslinger: the dark tower (book 1),stephen king,877
the gypsy goddess,meena kandasamy,537
the hamilton affair,elizabeth cobbs,394
the hamilton affair,elizabeth cobbs,437
the hamilton affair,elizabeth cobbs,394
the happy ever after playlist,abby jimenez,1075
the harrowing,james aitcheson,537
the heart of the family: the eliot chronicles (book 3),elizabeth goudge,244
the heart of what was lost,tad williams,1165
the herb of grace: the eliot chronicles (book 2),elizabeth goudge,587
the hermit,thomas rydahl,437
the hiding place,john burley,787
the high druid's blade: the defenders of shannara (book 1),terry brooks,761
"the highway kind: tales of fast cars, desperate drivers and dark roads",patrick millikin,437
the hobbit facsimile gift edition,j.r.r. tolkien,4675
the holiday friend,pamela hansford johnson,219
the hollow men: a dr harry kent thriller,rob mccarthy,437
the hope family calendar,mike gayle,437
the hope family calendar,mike gayle,387
the horse changer,craig smith,269
the hours before dawn,celia fremlin,194
the house at charlton,prue leith,194
the house at sea's end: a dr ruth galloway mysteries,elly griffiths,967
the house between tides,sarah maine,787
the house of four: an inspector ikmen mystery (book 19),barbara nadel,437
the hunt: the will jaeger (book 3),bear grylls,1037
the hunter,andrew reid,877
the hunter's kind: hollow gods series (book 2),rebecca levene,219
the huntress,kate quinn,1075
the iberian flame: a thomas kydd novel (book 20),julian stockwin,219
the ice beneath her,camilla grebe,637
the ice cream girls,dorothy koomson,877
the identicals,elin hilderbrand,537
the illusionists,rosie thomas,625
the image of you,adele parks,437
the institute,stephen king,803
the institute,stephen king,2111
the intrusions: the carrigan & miller (book 3),stav sherez,437
the irregular: an irregular spy thriller (book 1),h.b. lyle,537
the island of doctor moreau: sf masterworks,h.g. wells,787
the italian teacher,tom rachman,787
the italian teacher,tom rachman,787
the janus stone: a dr ruth galloway mystery (book 2),elly griffiths,877
the jeweller's wife,judith lennox,967
the jeweller's wife,judith lennox,967
the job: fox and o'hare (book 3),janet evanovich,437
the juliet stories,carrie snyder,537
the karachi deception,shatrujeet nath,445
the keeper of lost things,ruth hogan,851
the keeper of lost things,ruth hogan,851
the kept woman,susan donovan,437
the key,kathryn hughes,805
the key to midnight,dean koontz,587
the key to midnight,dean koontz,587
the killing bay: a faroes novel (book 2),chris ould,437
the killing hour,paul cleave,219
the killing hour,paul cleave,219
the killing room: the china thrillers (book 3),peter may,537
the king witch,tracy borman,877
the king without a kingdom: the accursed kings series book 7 (translation),maurice druon,805
the kingdom of copper: the daevabad trilogy (book 2),s.a. chakraborty,1075
the lady from zagreb: a bernie gunther thriller,philip kerr,877
the lady of the lake: witcher series (book 5),andrzej sapkowski,1031
the language of birds,jill dawson,737
the last act of hattie hoffman,mindy mejia,437
the last act of hattie hoffman,mindy mejia,437
the last ball six,pradeep kapoor,535
the last ballad,wiley cash,787
the last cut: a ds harri jacobs thriller (book 1),danielle ramsay,437
the last honeytrap: florence love (book 1),louise lee,487
the last of the greenwoods,clare morrall,487
the last of the greenwoods,clare morrall,487
the last painting of sara de vos,dominic smith,877
the last painting of sara de vos,dominic smith,877
the last queen of india,michelle moran,787
the last resort,pamela hansford johnson,219
the last romantics,tara conklin,888
the last star: the 5th wave book 03,rick yancey,787
the last thing she told me,linda green,895
the last time i saw her (dr charlotte stone),karen robards,487
the last time i saw her: dr. charlotte stone series (book 4),karen robards,581
the last true vampire: last true vampire (book 1),kate baxter,219
"the last widow (will trent series, book 9)",karin slaughter,761
the last wish: witcher series short stories,andrzej sapkowski,1031
the late show,michael connelly,987
the late show: renee ballard series (book 1),michael connelly,805
the laughterhouse: theodore tate series (book 3),paul cleave,219
the laughterhouse: theodore tate series (book 3),paul cleave,219
the lavender house,hilary boyd,487
the lemon sisters: wildstone (book 3),jill shalvis,437
the lemon tree cafe,cathy bramley,851
the letter,kathryn hughes,448
the letter,kathryn hughes,448
the librarian,salley vickers,985
the lido,libby page,851
the life and death of sophie stark,anna north,448
the little teashop of lost and found,trisha ashley,941
the little teashop of lost and found,trisha ashley,941
the lizard strategy: a commissario soneri investigation (book 5),valerio varesi,437
the loney,andrew michael hurley,715
the long and short of it: a collection of short stories (the chronicles of st mary's),jodi taylor,787
the long cosmos: the long earth (book 5),terry pratchett,1255
the long way to a small angry planet (wayfarers book 1),becky chambers,941
the lost daughter,gill paul,437
the lost daughter: jean brash series (book 2),david ashton,437
the lost future of pepperharrow,natasha pulley,1615
the lost island: gideon crew (book 3),douglas preston,761
the lost order,steve berry,397
the lost symbol: robert langdon series (book 3),dan brown,761
the lost years: cold feet,carmel harrington,219
the love factory,elaine proctor,437
the love shack,jane costello,1121
the loving daylights,lynsay sands,535
the lucky ones,julianne pachico,269
the madam,jaime raven,387
the madonna of the mountains,elise valmorbida,787
the madwoman upstairs,catherine lowell,219
the maid's room,fiona mitchell,537
the man from st petersburg,ken follett,537
the man i think i know,mike gayle,269
the man who wanted to know,d.a. mishani,437
the man who watched women: a sebastian bergman thriller,michael hjorth,419
the marriage game,alison weir,715
the mask of command: twilight of empire series (book 4),ian ross,805
the masked city: the invisible library series (book 2),genevieve cogman,761
the medusa chronicles,stephen baxter,537
the midas legacy: a wilde and chase adventure (book 12),andy mcdermott,537
the midnight lie,marie rutkoski,1661
the miner's daughter: the families of fairley terrace sagas (book 2),jennie felton,219
the missing girl,jenny quintana,985
the missing wife,sheila o''flanagan,397
the mister,el james,851
the moon sister:seven sisters series (book 5),lucinda riley,805
the more you ignore me,jo brand,269
the mortal sickness: lydmouth crime series (book 2),hodder && stoughton,487
the moscow deception: the guardian series (book 2),karen robards,537
the most dangerous place on earth,lindsey lee johnson,219
the most dangerous place on earth,lindsey lee johnson,219
the most fun we ever had,claire lombardo,1075
the motion of the body through space: a novel,lionel shriver,1313
the mountain,luca d''andrea,487
the mountain,luca d''andrea,487
the mountain,luca d''andrea,487
the mountain can wait,sarah leipciger,219
the mountain can wait,sarah leipciger,219
the mummy lessons,helen wallen,537
the murderer's daughter,jonathan kellerman,374
the murderer's daughter,jonathan kellerman,787
the muse,jessie burton,607
the naked sun,isaac asimov,787
the narrow bed,sophie hannah,437
the narrow bed: spilling cid (book 10),sophie hannah,537
the narrow bed: the culver valley (book 10),sophie hannah,387
the narrowboat girls,rosie archer,219
the necessary angel,c.k. stead,537
the never game: colter shaw thriller (book 1),jeffery deaver,895
the night charter: camaro espinoza series (book 1),sam hawken,437
the night in question,laurie graham,473
the night manager: the penguin john le carre hardback collection,john le carre,1526
the night she died,jenny blackhurst,851
the night she died,jenny blackhurst,851
the night visitor,lucy atkins,487
the note,zoe folbigg,895
the note,zoe folbigg,895
the numbers game: a novel,danielle steel,846
the offering,grace mccleen,219
the one-in-a-million boy,monica wood,487
the other lady vanishes:burning cove series (book 2),amanda quick,715
the other side of the street: a lavender road novel (book 5),helen carey,219
the other woman,laura wilson,487
the outcast dead: a dr ruth galloway mystery (book 6),elly griffiths,967
the outsider: james bishop (book 4),jason dean,219
the patriots,sana krasikov,319
the patriots,sana krasikov,319
the pearl sister: the seven sisters series (book 4),lucinda riley,895
the penny heart,martine bailey,437
the penny heart,martine bailey,437
the perfect couple,elin hilderbrand,537
the perfect girl,gilly macmillan,967
the perfect girlfriend,karen hamilton,697
the perfectly imperfect woman,milly johnson,1075
the perplexing theft of the jewel in the crown: baby ganesh agency investigation series (book 4),vaseem khan,787
the plotters,un-su kim,1165
the precipice,ben bova,437
the president is missing,bill clinton,941
the president's shadow: the culper ring trilogy (book 3),brad meltzer,437
the pretender¿s gold: ben hope series (book 21),scott mariani,846
the prince and i: the oxenburg princes (book 2),karen hawkins,537
the prince and the whitechapel murders,saul david,269
the prince and the whitechapel murders: a zulu hart novel (book 3),saul david,519
the prisoner's gold: the hunters novel (book 3),chris kuzneski,487
the prodigal daughter: angelotti chronicles (book 2),prue leith,787
the prometheus man: prometheus man (book 1),scott reardon,269
the promise of the child,tom toner,967
the promise of the child,tom toner,967
the promise of the child,tom toner,967
the promise of the child,tom toner,967
the prophet,michael koryta,437
the protector,jodi ellen malpas,487
the protector,jodi ellen malpas,487
the punch and judy girl,sheila newberry,169
the punishment she deserves: a lynley novel (book 17),elizabeth george,787
the puppet maker: an inspector jack brady novel (book 5),danielle ramsay,437
the pursuit (fox & o'hare),janet evanovich,537
the pursuit of william abbey,claire north,985
the quarryman's wife,elizabeth gill,219
the queen choice,anne o''brien,877
the rage of dragons: the burning (book 1),evan winter,1255
the railwayman's wife,ashley hay,437
the readers of broken wheel recommend,katarina bivald,761
the real liddy james,anne-marie casey,219
the rebel killer: jack lark (book 7),paul fraser collard,587
the reckoning,john grisham,787
the reckoning: a freyja and huldar thriller (book 2),yrsa sigurdardottir,877
the red queen,philippa gregory,697
the red ribbon: an irregular spy thriller (book 2),h.b. lyle,537
the redeemer,jo nesbo,985
the reluctant contact,stephen burke,219
the rest of me,katie marsh,387
the rest of me,katie marsh,387
the rest of the robots,isaac asimov,787
the return of the arinn: three powers (book 4),frank p. ryan,369
the returning tide,liz fenwick,487
the revolving door of life: a 44 scotland street novel,alexander mccall smith,837
the rhythm section: stephanie patrick thrillers (book 1),mark burnell,1121
the rise and fall of d.o.d.o.,neal stephenson,941
the rising tide: tom pascoe (book 3),patrick easter,537
the road to rangoon,lucy cruickshanks,537
the roanoke girls,amy engel,537
the robots of dawn: the robots (book 3),isaac asimov,787
the rocks,peter nichols,537
the rooster bar,john grisham,787
the rooster bar,john grisham,697
the rooster bar,john grisham,625
the rooster bar,john grisham,997
the rooster bar,john grisham,787
the root of all evil: trilogia del male (book 2),roberto costantini,537
the rose and the yew tree,agatha christie,535
the rose of tibet,lionel davidson,537
the runner: a china thriller novel,peter may,437
the sackett brand,louis l''amour,535
the sackett brand,louis l''amour,535
the santangelos: the final chapter (the santangelo book 9),jackie collins,967
the santangelos: the final chapter (the santangelo book 9),jackie collins,987
the santiago sisters,victoria fox,985
the satapur moonstone,sujata massey,805
the savage hour,elaine proctor,269
the scam,janet evanovich,437
the scarlet pimpernel,baroness orczy,587
the scarlet pimpernel,baroness orczy,587
the scarred woman: a department q thriller (book 7),jussi adler-olsen,877
the school at the top of the dale: a top of the dale novel,gervase phinn,787
the sea between us,emylia hall,437
the second child,caroline bond,697
the second child,caroline bond,637
the second child,caroline bond,637
the second collected tales of bauchelain & korbal broach: three short novels of the malazan empire,steven erikson,1255
the second love of my life,victoria walters,487
the second love of my life,victoria walters,487
the second sleep,robert harris,1661
"the secret diary of hendrik groen, 83 1/4 years old",hendrik groen,985
the secret hours,santa montefiore,1165
the secret of vesalius,jordi llobregat,219
the secret of villa serena,domenica de rosa,244
the secret pilgrim: the penguin john le carre hardback collection,john le carre,1571
the secrets we kept,lara prescott,1525
the seeker: damian seeker (book 1),s.g. maclean,967
the seven sisters,lucinda riley,805
the seventh commandment,tom fox,787
the shadow doctor,adrian plass,437
the shadow friend,alex north,1356
the shanghai intrigue,michael s. koyama,1121
the shape of things to come: s.f. masterworks,h.g. wells,1031
the shape of things to come: s.f. masterworks,h.g. wells,1031
the shark club,ann kidd taylor,269
the shout,stephen leather,448
the show: the swell valley series (book 2),tilly bagshawe,761
the show: the swell valley series (book 2),tilly bagshawe,761
the sight of you,holly miller,1356
the silenced,stephen lloyd jones,537
the silent patient,alex michaelides,1031
the silkworm: cormoran strike series book 2 (robert galbraith),j.k. rowling,985
the silvered heart,katherine clements,877
the silvered heart,katherine clements,877
the sinner who seduced me: regency rogues (book 3),stefanie sloane,537
the sinner who seduced me: regency rogues (book 3),stefanie sloane,537
the sister's secret: the families of fairley terrace sagas (book 5),jennie felton,219
the sister's secret: the families of fairley terrace sagas (book 5),jennie felton,219
the sixteen trees of the somme,lars mytting,967
the sixteen trees of the somme,lars mytting,967
the slaughter man: dc max wolfe series (book 2),tony parsons,1255
the sleeping beauty killer: under suspicion series (book 4),mary higgins clark,985
the smack,richard lange,269
the smoke hunter,jacquelyn benson,967
the smoke hunter,jacquelyn benson,967
the something girl: frogmorton farm series (book 2),jodi taylor,487
the somnambulist and the psychic thief,lisa tuttle,269
the somnambulist and the psychic thief,lisa tuttle,269
the song collector,natasha solomons,269
the songbirds of colliers row,jennifer hart,219
the songs of us,emma cooper,537
the sons,anton svensson,895
the sorcerer's daughter: the defenders of shannara (book 3),terry brooks,805
the sorcerer's daughter: the defenders of shannara (book 3),terry brooks,805
the sorcerer's daughter: the defenders of shannara (book 3),terry brooks,805
the starter wife,nina laurin,269
the starter wife,nina laurin,269
the state we're in: maine stories,ann beattie,319
the steel kiss: a lincoln rhyme thriller (book 12),jeffery deaver,787
the steel kiss: a lincoln rhyme thriller (book 12),jeffery deaver,787
the stone circle: the dr ruth galloway mysteries (book 11),elly griffiths,877
the stranger: what if everyone is lying to you?,harlan coben,805
the street,bernardine bishop,219
the sudden departure of the frasers,louise candlish,761
the summer villa,melissa hill,846
the sunrise,victoria hislop,387
the sunrise,victoria hislop,537
the switch: a novel,beth o''leary,1435
the tabit genesis,tony gonzales,967
the tailor of panama: the penguin john le carre hardback collection,john le carre,1483
the tall man,phoebe locke,437
the target: will robie (book 3),david baldacci,877
the tea planter's wife,dinah jefferies,761
the tears of dark water,corban addison,537
the templars' last secret,martin walker,487
the templars' last secret,martin walker,487
the things we do for love,alice peterson,437
the thomas berryman number,james patterson,761
the thomas berryman number,james patterson,761
the thousand lights hotel,emylia hall,437
the threateners: a matt helm series,donald hamilton,244
the threateners: a matt helm series,donald hamilton,244
the threateners: a matt helm series,donald hamilton,244
the three secret cities,matthew reilly,487
the three secret cities,matthew reilly,487
the three-body problem: remembrance of earth's past series (book 1),cixin liu,941
the tower of the swallow: witcher series (book 4),andrzej sapkowski,1031
the towers of samarcand: the mistra chronicles (book 2),james heneage,487
the trembling hills,phyllis a. whitney,219
the true soldier: jack lark series (book 6),paul fraser collard,244
the truth,peter james,437
the tunnel: danny katz (book 2),carl-johan vallgren,437
the twelve lives of samuel hawley,samuel hawley,537
the twentieth day of january,ted allbeury,487
the twentieth day of january,ted allbeury,487
the twenty-three,linwood barclay,715
the unexpected inheritance of inspector chopra: a baby ganesh agency investigation,vaseem khan,761
the unlikely heroics of sam holloway,rhys thomas,244
the unlikely heroics of sam holloway,rhys thomas,244
the unlikely heroics of sam holloway,rhys thomas,244
the usual sacrifices: the supernatural novel,yvonne navarro,877
the valentine house,emma henderson,537
the vanishing box,elly griffiths,877
the vatican princess,c.w. gortner,219
the versions of us,laura barnett,761
the view from the cheap seats,neil gaiman,967
the vorrh: the vorrh trilogy (book 1),brian catling,967
the vorrh: the vorrh trilogy (book 1),brian catling,967
the wages of sin: sarah gilchrist (book 1),kaite welsh,437
the waiting game,jessica thompson,244
the war of the worlds: sf masterworks,h.g. wells,967
the waste lands: the dark tower (volume 3),stephen king,715
the way through the woods: inspector morse (book 10),colin dexter,437
the wedding dress,danielle steel,1398
the wedding promise,emma hannigan,687
the weekend wives,christina hopkinson,437
the weekend: a novel,charlotte wood,1356
the weekend: a novel,charlotte wood,1356
the weight of him,ethel rohan,387
the whispering swarm,michael moorcock,895
the whistler,john grisham,697
the whistler,john grisham,895
the whistler,john grisham,625
the wife,meg wolitzer,1075
the wildflowers,harriet evans,877
the wind through the keyhole: a dark tower novel,stephen king,805
the winter crown: eleanor of aquitaine (book 2),elizabeth chadwick,437
the wisdom of sally red shoes,ruth hogan,985
the witch at wayside cross: jesperson and lane (book 2),lisa tuttle,269
the witchfinder's sister,beth underdown,895
the witchwood crown: the last king of osten ard (book 1),tad williams,487
the wives: a novel,tarryn fisher,846
the wolf in winter: the charlie parker series (book 12),john connolly,373
the wolf of midnight: the tintagel trilogy (book 3),m.k. hume,269
the woman in blue,elly griffiths,787
the woman in blue,elly griffiths,787
the woman in blue: ruth galloway (book 8),elly griffiths,537
the woman in blue: ruth galloway (book 8),elly griffiths,537
the woman in the window,a.j. finn,931
the woman in the window,a.j. finn,761
the woman in the woods: a charlie parker thriller (book 16),john connolly,487
the woman next door,cass green,437
the woman next door,cass green,437
the words in my hand,guinevere glasfurd,715
the worst case scenario cookery club,chrissie manby,437
the wrong side of goodbye: the harry bosch series (book 21),michael connelly,941
the wrong side of goodbye: the harry bosch series (book 21),michael connelly,941
the wycherly woman: lew archer (book 9),ross macdonald,1417
the x files origins: agent of chaos,kami garcia,895
there was a time,frank white,219
there was a time,frank white,394
there's someone indise your house,stephanie perkins,761
these dividing walls,fran cooper,369
thin air,michelle paver,697
things a bright girl can do,sally nicholls,895
things i wish id known,linda green,967
things in jars,jess kidd,761
this bed thy centre,pamela hansford johnson,219
this is how it always is,laurie frankel,967
this is now,ciara geraghty,437
this is what happened,mick herron,877
this last kiss,madeleine reiss,387
this last kiss,madeleine reiss,387
this matter of marriage,debbie macomber,487
this must be the place,maggie o''farrell,877
this side of murder: a verity kent mystery (book 1),anna lee huber,294
those above: the empty throne (book 1),daniel polansky,437
those below: the empty throne (book 2),daniel polansky,537
thrawn: alliances (star wars),timothy zahn,985
three days and a life,pierre lemaitre,537
three decades of stories,patrick gale,537
three minutes: ewert grens (book 6),anders roslund,437
three wishes,liane moriarty,941
three wishes,liane moriarty,787
tiamat's wrath: the expanse (book 8),james s.a. corey,1121
timba comes home,sheila jeffries,244
time and time again,ben elton,715
time convert,deborah harkness,1057
time of contempt: witcher series (book 2),andrzej sapkowski,1031
time's convert: all souls trilogy (book 4),deborah harkness,851
tin men,christopher golden,219
to capture what we cannot keep,beatrice colin,387
to kill the truth export: maggie costello (book 4),sam bourne,697
"to siri, with love",judith newman,537
to sleep in a sea of stars,christopher paolini,1696
tom clancy firing point: a jack ryan jr. novel,mike maden,1568
tombland: the shardlake series (book 7),c.j. sansom,1841
too close to breathe,olivia kiernan,487
top secret twenty-one: stephanie plum (book 21),janet evanovich,487
traitors in the shadows: empire of the moghul (book 6),alex rutherford,851
traitors in the shadows: empire of the moghul (book 6),alex rutherford,851
transcription,kate atkinson,851
transcription,kate atkinson,985
trapped by scandal: trapped (book 2),jane feather,787
treachery at lancaster gate: thomas pitt mystery (book 31),anne perry,437
treason's spring,robert wilton,219
tree surgery for beginners,patrick gale,437
trigger mortis: a james bond novel,anthony horowitz,805
trigger mortis: a james bond novel,anthony horowitz,805
trigger warning,neil gaiman,877
triple jeopardy (daniel pitt mystery 2),anne perry,537
troll,d. b. thorne,387
trouble ahead: the battle for crete,rob lofthouse,219
trouble in mind,jeffery deaver,397
try not to breathe,holly seddon,387
trying,emily phillips,437
twelve kings: the song of the shattered sands (book 1),bradley beaulieu,967
twelve kings: the song of the shattered sands (book 1),bradley beaulieu,967
twenty nine going on thirty,andaleeb wajid,535
twenty-one days: daniel pitt mystery (book 1),anne perry,448
twice in a blue moon,christina lauren,1031
two steps forward,graeme simsion,787
two steps forward,graeme simsion,1525
typhoon fury:the oregon files series (book 12),clive cussler,895
unbelievable,t. christian miller,985
under a pole star,stef penney,877
under a pole star,stef penney,877
under the eagle: an eagles of the empire (book 1),simon scarrow,437
undercover,danielle steel,671
undertow,elizabeth heathcote,487
untamed: mackinnon¿s rangers (book 2),pamela clare,537
untouchable,jayne ann krentz,1031
us,david nicholls,941
vagabonds,josephine cox,269
varina,charles frazier,437
varina,charles frazier,437
varina,charles frazier,437
vendetta in death:death series (book 49),j. d. robb,1391
vengeance: arrow series (book 1),oscar balderrama,487
vengeance: arrow series (book 1),oscar balderrama,487
vernon subutex 2,virginie despentes,437
vicious circle: joe pickett series (book 17),c.j. box,805
victoria,daisy goodwin,805
victory girls: lavender road (book 6),helen carey,294
voyage of the basilisk: a memoir by lady trent (a natural history of dragons book 3),marie brennan,877
voyage of the basilisk: a memoir by lady trent (a natural history of dragons book 3),marie brennan,877
wakenhyrst,michelle paver,931
walk the wire (amos decker series),david baldacci,1441
walking wounded,sheila llewellyn,437
warcraft,christie golden,487
warcraft: durton,christie golden,877
warlord: danny black series (book 5),chris ryan,937
warlord: danny black series (book 5),chris ryan,937
warlord: the danny black thriller (book 5),chris ryan,437
watching edie,camilla way,761
water angels,mons kallentoft,437
water for elephants,sara gruen,895
way down dark: the australia trilogy (book 1),james p. smythe,437
way down dark: the australia trilogy (book 1),james p. smythe,437
we know you know,erin kelly,851
we must be brave,frances liardet,985
wedding at christmas: benson family (book 4),chrissie manby,437
wedding at christmas: benson family (book 4),chrissie manby,437
wedding bells for nurse connie: nurse connie series (book 2),jean fullerton,244
what could possibly go wrong?: the chronicles of st mary's (book 6),jodi taylor,787
what happened that night,sheila o''flanagan,487
what happened that night,sheila o''flanagan,487
what happened that night,sheila o''flanagan,937
what happened that night,sheila o''flanagan,937
what happened that night,sheila o''flanagan,937
what happens under the mistletoe,sabrina jeffries,581
what lies within: the perfect gripping read,annabelle thorpe,437
what she knew,gilly macmillan,437
what you want,constantine phipps,219
when all the girls have gone,jayne ann krentz,805
when she was bad,tammy cohen,805
when the lights go down,pam evans,219
when the lights go out,mary kubica,805
when the music's over: inspector banks (book 23),peter robinson,537
when the music's over: inspector banks (book 23),peter robinson,537
when the music's over: the dci banks novel (book 23),peter robinson,387
when the music's over: the dci banks novel (book 23),peter robinson,387
when the music's over: the new dci banks novel (book 23),peter robinson,987
where dead men meet,mark mills,587
where roses fade: lydmouth crime series (book 5),andrew taylor,487
white nights,ann cleeves,448
white nights,ann cleeves,448
white nights,ann cleeves,448
white silence: the elizabeth cage (book 1),jodi taylor,487
whose business is to die: napoleonic wars series (book 6),adrian goldsworthy,294
why mummy doesn't give a ****,gill sims,1121
why mummy doesn't give a ****!,gill sims,851
why mummy drinks,gill sims,805
wicked charms: a lizzy and diesel novel,janet evanovich,387
wicked charms: lizzy & diesel series (book 3),janet evanovich,437
wicked grind,j. kenner,437
wicked torture: stark world (book 3),j. kenner,537
wild and free,wendy holden,437
wilde like me,louise pentland,737
wilde like me,louise pentland,587
will you remember me? no greater love (book 6),amanda prowse,423
willing to die: the montana novel (book 8),lisa jackson,537
windhaven,george r.r. martin,877
windhaven,george r.r. martin,1687
winter solstice: winter (book 4),elin hilderbrand,537
winter solstice: winter (book 4),elin hilderbrand,537
winter storms: winter (book 3),elin hilderbrand,437
winter without you,beth good,437
wish you were here,catherine alliott,787
without a word,kate mcquaile,487
wizard and glass: the dark tower (volume 4),stephen king,715
women of the dunes,sarah maine,967
wonder woman,nancy holder,877
wonder woman,nancy holder,877
working girl,shana gray,437
world gone by: joe coughlin series (book 3),dennis lehane,1075
writers & lovers,lily king,1526
writers & lovers,lily king,1526
wrong way home: d.i. grace fisher (book 4),isabelle grey,537
wyntertide: the rotherweird (book 2),andrew caldecott,967
xeelee endurance,stephen baxter,1057
xeelee endurance,stephen baxter,1057
y is for yesterday: kinsey millhone alphabet series,sue grafton,1075
y is for yesterday: kinsey millhone alphabet series,sue grafton,1075
yesterday,felicia yap,219
you,caroline kepnes,1031
you,caroline kepnes,1031
"you and me, always",jill mansell,985
you don't know me,imran mahmood,1075
you don't own me: under suspicion series (book 6),mary higgins clark,851
you know you want this,kristen roupenian,1345
you know you want this,kristen roupenian,1345
you me everything,catherine isaac,1075
you servants and your people,david towsey,244
you were never really here,jonathan ames,851
you were never really here,jonathan ames,851
you will pay,lisa jackson,437
"you, me and him",alice peterson,537
yuki means happiness,alison jean lester,269
zero state: quantum break,cam rogers,877
zero state: quantum break,cam rogers,877
